{
  "anchors": [
    2.44,
    2.34,
    4.34,
    3.62,
    3.31,
    2.97,
    3.59,
    4.16,
    5.0,
    5.16
  ],
  "inputs": {
    "input0": [
      224,
      224,
      3
    ]
  },
  "outputs": {
    "output0": [
      7,
      7,
      65
    ]
  },
  "params_quantity": 1882961,
  "loss": [
    [
      1,
      2.09898
    ],
    [
      2,
      1.21376
    ],
    [
      3,
      1.08002
    ],
    [
      4,
      0.88384
    ],
    [
      5,
      0.73582
    ],
    [
      6,
      1.50463
    ],
    [
      7,
      0.50268
    ],
    [
      8,
      0.3031
    ],
    [
      9,
      0.25123
    ],
    [
      10,
      0.22446
    ],
    [
      11,
      0.15886
    ],
    [
      12,
      0.1374
    ],
    [
      13,
      0.11551
    ],
    [
      14,
      0.10001
    ],
    [
      15,
      0.09048
    ],
    [
      16,
      0.08475
    ],
    [
      17,
      0.08204
    ],
    [
      18,
      0.07513
    ],
    [
      19,
      0.06645
    ],
    [
      20,
      0.05761
    ],
    [
      21,
      0.05274
    ],
    [
      22,
      0.04371
    ],
    [
      23,
      0.04038
    ],
    [
      24,
      0.03874
    ],
    [
      25,
      0.03761
    ],
    [
      26,
      0.03384
    ],
    [
      27,
      0.03393
    ],
    [
      28,
      0.0311
    ],
    [
      29,
      0.02959
    ],
    [
      30,
      0.02881
    ],
    [
      31,
      0.02575
    ],
    [
      32,
      0.02531
    ],
    [
      33,
      0.0241
    ],
    [
      34,
      0.02401
    ],
    [
      35,
      0.02253
    ],
    [
      36,
      0.02048
    ],
    [
      37,
      0.02208
    ],
    [
      38,
      0.02177
    ],
    [
      39,
      0.01905
    ],
    [
      40,
      0.01841
    ],
    [
      41,
      0.01745
    ],
    [
      42,
      0.01761
    ],
    [
      43,
      0.018
    ],
    [
      44,
      0.01586
    ],
    [
      45,
      0.01537
    ],
    [
      46,
      0.01496
    ],
    [
      47,
      0.01532
    ],
    [
      48,
      0.01431
    ],
    [
      49,
      0.0137
    ],
    [
      50,
      0.01238
    ],
    [
      51,
      0.01233
    ],
    [
      52,
      0.01216
    ],
    [
      53,
      0.01132
    ],
    [
      54,
      0.01129
    ],
    [
      55,
      0.01067
    ],
    [
      56,
      0.01019
    ],
    [
      57,
      0.01025
    ],
    [
      58,
      0.01023
    ],
    [
      59,
      0.01082
    ],
    [
      60,
      0.01028
    ],
    [
      61,
      0.01079
    ],
    [
      62,
      0.00976
    ],
    [
      63,
      0.00971
    ],
    [
      64,
      0.00922
    ],
    [
      65,
      0.00882
    ],
    [
      66,
      0.00794
    ],
    [
      67,
      0.00861
    ],
    [
      68,
      0.00853
    ],
    [
      69,
      0.00776
    ],
    [
      70,
      0.00778
    ],
    [
      71,
      0.00765
    ],
    [
      72,
      0.00813
    ],
    [
      73,
      0.00797
    ],
    [
      74,
      0.008
    ],
    [
      75,
      0.00802
    ],
    [
      76,
      0.00813
    ],
    [
      77,
      0.00766
    ],
    [
      78,
      0.00701
    ],
    [
      79,
      0.00702
    ],
    [
      80,
      0.0068
    ],
    [
      81,
      0.00649
    ],
    [
      82,
      0.00716
    ],
    [
      83,
      0.00753
    ],
    [
      84,
      0.00661
    ],
    [
      85,
      0.00658
    ],
    [
      86,
      0.0064
    ],
    [
      87,
      0.00711
    ],
    [
      88,
      0.00623
    ],
    [
      89,
      0.00588
    ],
    [
      90,
      0.00584
    ],
    [
      91,
      0.00582
    ],
    [
      92,
      0.00552
    ],
    [
      93,
      0.00556
    ],
    [
      94,
      0.00532
    ],
    [
      95,
      0.00523
    ],
    [
      96,
      0.0053
    ],
    [
      97,
      0.00539
    ],
    [
      98,
      0.00539
    ],
    [
      99,
      0.0051
    ],
    [
      100,
      0.0053
    ]
  ],
  "acc": [
    [
      1,
      0.36837
    ],
    [
      2,
      0.39344
    ],
    [
      3,
      0.4211
    ],
    [
      4,
      0.4205
    ],
    [
      5,
      0.44212
    ],
    [
      6,
      0.40118
    ],
    [
      7,
      0.36508
    ],
    [
      8,
      0.33597
    ],
    [
      9,
      0.33076
    ],
    [
      10,
      0.33927
    ],
    [
      11,
      0.33444
    ],
    [
      12,
      0.33286
    ],
    [
      13,
      0.33905
    ],
    [
      14,
      0.33894
    ],
    [
      15,
      0.34721
    ],
    [
      16,
      0.34474
    ],
    [
      17,
      0.34498
    ],
    [
      18,
      0.34641
    ],
    [
      19,
      0.34827
    ],
    [
      20,
      0.34892
    ],
    [
      21,
      0.35454
    ],
    [
      22,
      0.35361
    ],
    [
      23,
      0.35399
    ],
    [
      24,
      0.35428
    ],
    [
      25,
      0.34979
    ],
    [
      26,
      0.34795
    ],
    [
      27,
      0.34842
    ],
    [
      28,
      0.34947
    ],
    [
      29,
      0.35217
    ],
    [
      30,
      0.35263
    ],
    [
      31,
      0.35073
    ],
    [
      32,
      0.35084
    ],
    [
      33,
      0.35018
    ],
    [
      34,
      0.35013
    ],
    [
      35,
      0.34878
    ],
    [
      36,
      0.34923
    ],
    [
      37,
      0.34844
    ],
    [
      38,
      0.34936
    ],
    [
      39,
      0.34954
    ],
    [
      40,
      0.3502
    ],
    [
      41,
      0.34764
    ],
    [
      42,
      0.34759
    ],
    [
      43,
      0.34912
    ],
    [
      44,
      0.3465
    ],
    [
      45,
      0.34626
    ],
    [
      46,
      0.34689
    ],
    [
      47,
      0.34833
    ],
    [
      48,
      0.347
    ],
    [
      49,
      0.34552
    ],
    [
      50,
      0.34658
    ],
    [
      51,
      0.34277
    ],
    [
      52,
      0.34512
    ],
    [
      53,
      0.34472
    ],
    [
      54,
      0.34568
    ],
    [
      55,
      0.34498
    ],
    [
      56,
      0.34611
    ],
    [
      57,
      0.34567
    ],
    [
      58,
      0.34417
    ],
    [
      59,
      0.34475
    ],
    [
      60,
      0.34216
    ],
    [
      61,
      0.34501
    ],
    [
      62,
      0.34548
    ],
    [
      63,
      0.34609
    ],
    [
      64,
      0.34501
    ],
    [
      65,
      0.34317
    ],
    [
      66,
      0.34399
    ],
    [
      67,
      0.34342
    ],
    [
      68,
      0.34246
    ],
    [
      69,
      0.34203
    ],
    [
      70,
      0.34367
    ],
    [
      71,
      0.34418
    ],
    [
      72,
      0.34424
    ],
    [
      73,
      0.34284
    ],
    [
      74,
      0.34472
    ],
    [
      75,
      0.34533
    ],
    [
      76,
      0.34415
    ],
    [
      77,
      0.34335
    ],
    [
      78,
      0.34375
    ],
    [
      79,
      0.34397
    ],
    [
      80,
      0.34405
    ],
    [
      81,
      0.34348
    ],
    [
      82,
      0.34267
    ],
    [
      83,
      0.34402
    ],
    [
      84,
      0.34347
    ],
    [
      85,
      0.34254
    ],
    [
      86,
      0.34295
    ],
    [
      87,
      0.34356
    ],
    [
      88,
      0.3431
    ],
    [
      89,
      0.3427
    ],
    [
      90,
      0.342
    ],
    [
      91,
      0.34208
    ],
    [
      92,
      0.34071
    ],
    [
      93,
      0.34207
    ],
    [
      94,
      0.34288
    ],
    [
      95,
      0.34325
    ],
    [
      96,
      0.3425
    ],
    [
      97,
      0.34272
    ],
    [
      98,
      0.34292
    ],
    [
      99,
      0.3428
    ],
    [
      100,
      0.34235
    ]
  ],
  "lr": [
    [
      1,
      0.001
    ],
    [
      2,
      0.00098
    ],
    [
      3,
      0.00095
    ],
    [
      4,
      0.00093
    ],
    [
      5,
      0.00091
    ],
    [
      6,
      0.00089
    ],
    [
      7,
      0.00087
    ],
    [
      8,
      0.00085
    ],
    [
      9,
      0.00083
    ],
    [
      10,
      0.00081
    ],
    [
      11,
      0.00079
    ],
    [
      12,
      0.00078
    ],
    [
      13,
      0.00076
    ],
    [
      14,
      0.00074
    ],
    [
      15,
      0.00072
    ],
    [
      16,
      0.00071
    ],
    [
      17,
      0.00069
    ],
    [
      18,
      0.00068
    ],
    [
      19,
      0.00066
    ],
    [
      20,
      0.00065
    ],
    [
      21,
      0.00063
    ],
    [
      22,
      0.00062
    ],
    [
      23,
      0.0006
    ],
    [
      24,
      0.00059
    ],
    [
      25,
      0.00058
    ],
    [
      26,
      0.00056
    ],
    [
      27,
      0.00055
    ],
    [
      28,
      0.00054
    ],
    [
      29,
      0.00052
    ],
    [
      30,
      0.00051
    ],
    [
      31,
      0.0005
    ],
    [
      32,
      0.00049
    ],
    [
      33,
      0.00048
    ],
    [
      34,
      0.00047
    ],
    [
      35,
      0.00046
    ],
    [
      36,
      0.00045
    ],
    [
      37,
      0.00044
    ],
    [
      38,
      0.00043
    ],
    [
      39,
      0.00042
    ],
    [
      40,
      0.00041
    ],
    [
      41,
      0.0004
    ],
    [
      42,
      0.00039
    ],
    [
      43,
      0.00038
    ],
    [
      44,
      0.00037
    ],
    [
      45,
      0.00036
    ],
    [
      46,
      0.00035
    ],
    [
      47,
      0.00035
    ],
    [
      48,
      0.00034
    ],
    [
      49,
      0.00033
    ],
    [
      50,
      0.00032
    ],
    [
      51,
      0.00032
    ],
    [
      52,
      0.00031
    ],
    [
      53,
      0.0003
    ],
    [
      54,
      0.0003
    ],
    [
      55,
      0.00029
    ],
    [
      56,
      0.00028
    ],
    [
      57,
      0.00028
    ],
    [
      58,
      0.00027
    ],
    [
      59,
      0.00026
    ],
    [
      60,
      0.00026
    ],
    [
      61,
      0.00025
    ],
    [
      62,
      0.00025
    ],
    [
      63,
      0.00024
    ],
    [
      64,
      0.00023
    ],
    [
      65,
      0.00023
    ],
    [
      66,
      0.00022
    ],
    [
      67,
      0.00022
    ],
    [
      68,
      0.00021
    ],
    [
      69,
      0.00021
    ],
    [
      70,
      0.0002
    ],
    [
      71,
      0.0002
    ],
    [
      72,
      0.00019
    ],
    [
      73,
      0.00019
    ],
    [
      74,
      0.00019
    ],
    [
      75,
      0.00018
    ],
    [
      76,
      0.00018
    ],
    [
      77,
      0.00017
    ],
    [
      78,
      0.00017
    ],
    [
      79,
      0.00017
    ],
    [
      80,
      0.00016
    ],
    [
      81,
      0.00016
    ],
    [
      82,
      0.00015
    ],
    [
      83,
      0.00015
    ],
    [
      84,
      0.00015
    ],
    [
      85,
      0.00014
    ],
    [
      86,
      0.00014
    ],
    [
      87,
      0.00014
    ],
    [
      88,
      0.00013
    ],
    [
      89,
      0.00013
    ],
    [
      90,
      0.00013
    ],
    [
      91,
      0.00013
    ],
    [
      92,
      0.00012
    ],
    [
      93,
      0.00012
    ],
    [
      94,
      0.00012
    ],
    [
      95,
      0.00011
    ],
    [
      96,
      0.00011
    ],
    [
      97,
      0.00011
    ],
    [
      98,
      0.00011
    ],
    [
      99,
      0.0001
    ],
    [
      100,
      0.0001
    ]
  ],
  "val_acc": [
    [
      10,
      0.05682
    ],
    [
      20,
      0.81966
    ],
    [
      30,
      0.8495
    ],
    [
      40,
      0.87487
    ],
    [
      50,
      0.90572
    ],
    [
      60,
      0.8932
    ],
    [
      70,
      0.90493
    ],
    [
      80,
      0.91011
    ],
    [
      90,
      0.91096
    ],
    [
      100,
      0.90378
    ]
  ],
  "AP_3": [
    [
      10,
      0.0
    ],
    [
      20,
      0.87727
    ],
    [
      30,
      1.0
    ],
    [
      40,
      0.96537
    ],
    [
      50,
      0.96537
    ],
    [
      60,
      0.92562
    ],
    [
      70,
      0.92562
    ],
    [
      80,
      0.92562
    ],
    [
      90,
      0.96537
    ],
    [
      100,
      0.96537
    ]
  ],
  "AP_2": [
    [
      10,
      0.36364
    ],
    [
      20,
      0.90909
    ],
    [
      30,
      0.90909
    ],
    [
      40,
      1.0
    ],
    [
      50,
      1.0
    ],
    [
      60,
      1.0
    ],
    [
      70,
      1.0
    ],
    [
      80,
      1.0
    ],
    [
      90,
      1.0
    ],
    [
      100,
      0.90909
    ]
  ],
  "AP_5": [
    [
      10,
      0.0
    ],
    [
      20,
      0.90909
    ],
    [
      30,
      0.79293
    ],
    [
      40,
      0.7512
    ],
    [
      50,
      0.83636
    ],
    [
      60,
      0.83636
    ],
    [
      70,
      0.83636
    ],
    [
      80,
      0.87273
    ],
    [
      90,
      0.87273
    ],
    [
      100,
      0.87273
    ]
  ],
  "AP_4": [
    [
      10,
      0.0
    ],
    [
      20,
      0.7861
    ],
    [
      30,
      0.87727
    ],
    [
      40,
      0.8756
    ],
    [
      50,
      0.96537
    ],
    [
      60,
      0.87727
    ],
    [
      70,
      0.96537
    ],
    [
      80,
      0.96537
    ],
    [
      90,
      0.96537
    ],
    [
      100,
      0.96537
    ]
  ],
  "AP_6": [
    [
      10,
      0.0
    ],
    [
      20,
      0.80303
    ],
    [
      30,
      0.88995
    ],
    [
      40,
      0.87273
    ],
    [
      50,
      0.89091
    ],
    [
      60,
      0.88517
    ],
    [
      70,
      0.89091
    ],
    [
      80,
      0.89091
    ],
    [
      90,
      0.89091
    ],
    [
      100,
      0.89091
    ]
  ],
  "AP_7": [
    [
      10,
      0.09091
    ],
    [
      20,
      0.45455
    ],
    [
      30,
      0.53247
    ],
    [
      40,
      0.625
    ],
    [
      50,
      0.71212
    ],
    [
      60,
      0.71212
    ],
    [
      70,
      0.71212
    ],
    [
      80,
      0.71717
    ],
    [
      90,
      0.7177
    ],
    [
      100,
      0.7177
    ]
  ],
  "AP_8": [
    [
      10,
      0.0
    ],
    [
      20,
      0.90909
    ],
    [
      30,
      0.88517
    ],
    [
      40,
      1.0
    ],
    [
      50,
      1.0
    ],
    [
      60,
      1.0
    ],
    [
      70,
      1.0
    ],
    [
      80,
      1.0
    ],
    [
      90,
      1.0
    ],
    [
      100,
      1.0
    ]
  ],
  "AP_1": [
    [
      10,
      0.0
    ],
    [
      20,
      0.90909
    ],
    [
      30,
      0.90909
    ],
    [
      40,
      0.90909
    ],
    [
      50,
      0.8756
    ],
    [
      60,
      0.90909
    ],
    [
      70,
      0.90909
    ],
    [
      80,
      0.90909
    ],
    [
      90,
      0.8756
    ],
    [
      100,
      0.90909
    ]
  ],
  "mean": 123.5,
  "std": 58.395,
  "label_type": "detection",
  "data_type": "image",
  "labels": [
    "3",
    "2",
    "5",
    "4",
    "6",
    "7",
    "8",
    "1"
  ],
  "best_eval": {
    "epoch": 90,
    "val_acc": 0.911,
    "val_info": [
      {
        "name": "27a6630e0686493b92bebf221d71618e.jpg",
        "nickname": "photo2_405.jpg",
        "pred": [
          [
            11,
            41,
            192,
            230,
            0.6493737101554871,
            0.0
          ],
          [
            1,
            32,
            179,
            204,
            0.9522359371185303,
            2.0
          ]
        ],
        "gt": [
          [
            0,
            19,
            193,
            208,
            1.0,
            2.0
          ]
        ],
        "ok": false
      },
      {
        "name": "f0a5d8d77ba44e4f82808f221e629cfd.jpg",
        "nickname": "0310220734_phone.jpg",
        "pred": [
          [
            147,
            132,
            275,
            273,
            0.9056212306022644,
            4.0
          ],
          [
            22,
            97,
            129,
            215,
            0.752859890460968,
            5.0
          ]
        ],
        "gt": [
          [
            146,
            144,
            266,
            277,
            1.0,
            4.0
          ],
          [
            13,
            104,
            136,
            243,
            1.0,
            5.0
          ]
        ],
        "ok": true
      },
      {
        "name": "71def34def214d3f9a53d9e4c2826b9a.jpg",
        "nickname": "photo2_601.jpg",
        "pred": [
          [
            5,
            64,
            105,
            159,
            0.7007654905319214,
            3.0
          ],
          [
            88,
            61,
            221,
            177,
            0.8263682126998901,
            4.0
          ]
        ],
        "gt": [
          [
            97,
            57,
            223,
            171,
            1.0,
            4.0
          ]
        ],
        "ok": false
      },
      {
        "name": "c0de13d2d1f6408b84dd73b7f36916c0.jpg",
        "nickname": "photo2_604.jpg",
        "pred": [
          [
            2,
            50,
            103,
            148,
            0.9774845242500305,
            3.0
          ],
          [
            124,
            57,
            220,
            169,
            0.9483739733695984,
            4.0
          ]
        ],
        "gt": [
          [
            7,
            64,
            94,
            151,
            1.0,
            3.0
          ],
          [
            125,
            46,
            223,
            184,
            1.0,
            4.0
          ]
        ],
        "ok": true
      },
      {
        "name": "61c6298fa607490ca78ec2e7582b2463.jpg",
        "nickname": "0310220759_phone.jpg",
        "pred": [
          [
            121,
            12,
            219,
            98,
            0.7384405732154846,
            3.0
          ],
          [
            6,
            22,
            111,
            120,
            0.6723129153251648,
            6.0
          ]
        ],
        "gt": [
          [
            126,
            3,
            246,
            101,
            1.0,
            3.0
          ],
          [
            9,
            31,
            104,
            127,
            1.0,
            6.0
          ]
        ],
        "ok": true
      },
      {
        "name": "c1234b57d4d5435680146321d55c8db8.jpg",
        "nickname": "0310220836_phone.jpg",
        "pred": [
          [
            34,
            113,
            266,
            325,
            0.5951389670372009,
            4.0
          ],
          [
            3,
            88,
            232,
            312,
            0.7137694358825684,
            5.0
          ]
        ],
        "gt": [
          [
            116,
            153,
            246,
            300,
            1.0,
            4.0
          ],
          [
            0,
            90,
            113,
            233,
            1.0,
            5.0
          ]
        ],
        "ok": false
      },
      {
        "name": "85c6198c86a741f8b28edae077dbfceb.jpg",
        "nickname": "photo2_804.jpg",
        "pred": [
          [
            0,
            103,
            98,
            205,
            0.7155444622039795,
            3.0
          ],
          [
            104,
            32,
            219,
            163,
            0.8905590176582336,
            6.0
          ]
        ],
        "gt": [
          [
            89,
            27,
            213,
            152,
            1.0,
            6.0
          ]
        ],
        "ok": false
      },
      {
        "name": "9a7a920c46e24f61ac25f5309c8195f6.jpg",
        "nickname": "0208225923_phone.jpg",
        "pred": [
          [
            36,
            124,
            191,
            313,
            0.9432699680328369,
            0.0
          ]
        ],
        "gt": [
          [
            36,
            117,
            206,
            317,
            1.0,
            0.0
          ]
        ],
        "ok": true
      },
      {
        "name": "4f7f9e91c4d542fdaaa852229046ed78.jpg",
        "nickname": "0310221051_phone.jpg",
        "pred": [
          [
            55,
            57,
            195,
            189,
            0.713257372379303,
            2.0
          ]
        ],
        "gt": [
          [
            60,
            63,
            190,
            176,
            1.0,
            2.0
          ]
        ],
        "ok": true
      },
      {
        "name": "b25d759cf8e34d90906d2430f7c9b8a0.jpg",
        "nickname": "photo2_103.jpg",
        "pred": [
          [
            63,
            70,
            205,
            176,
            0.8231365084648132,
            1.0
          ]
        ],
        "gt": [
          [
            55,
            68,
            215,
            184,
            1.0,
            1.0
          ]
        ],
        "ok": true
      },
      {
        "name": "c860009ae45d47db86ce1bffdae8ade8.jpg",
        "nickname": "0208225708_phone.jpg",
        "pred": [
          [
            18,
            57,
            175,
            241,
            0.9396214485168457,
            7.0
          ]
        ],
        "gt": [
          [
            20,
            49,
            140,
            204,
            1.0,
            7.0
          ]
        ],
        "ok": true
      },
      {
        "name": "f8e2c8f80a614b669a8c146e20d8bd01.jpg",
        "nickname": "photo2_817.jpg",
        "pred": [
          [
            60,
            56,
            217,
            252,
            0.8164961934089661,
            7.0
          ]
        ],
        "gt": [
          [
            80,
            82,
            186,
            223,
            1.0,
            7.0
          ]
        ],
        "ok": false
      }
    ]
  }
}