{
  "anchors": [
    2.34,
    2.09,
    3.91,
    3.03,
    3.84,
    3.97,
    5.12,
    5.03,
    2.91,
    2.91
  ],
  "inputs": {
    "input0": [
      224,
      224,
      3
    ]
  },
  "outputs": {
    "output0": [
      7,
      7,
      65
    ]
  },
  "params_quantity": 1882961,
  "loss": [
    [
      1,
      1.99762
    ],
    [
      2,
      1.15556
    ],
    [
      3,
      1.07423
    ],
    [
      4,
      0.89301
    ],
    [
      5,
      0.74254
    ],
    [
      6,
      1.56785
    ],
    [
      7,
      0.67595
    ],
    [
      8,
      0.40749
    ],
    [
      9,
      0.29142
    ],
    [
      10,
      0.26473
    ],
    [
      11,
      0.21079
    ],
    [
      12,
      0.16052
    ],
    [
      13,
      0.13147
    ],
    [
      14,
      0.11095
    ],
    [
      15,
      0.10818
    ],
    [
      16,
      0.09945
    ],
    [
      17,
      0.09519
    ],
    [
      18,
      0.08284
    ],
    [
      19,
      0.07751
    ],
    [
      20,
      0.07309
    ],
    [
      21,
      0.06189
    ],
    [
      22,
      0.05468
    ],
    [
      23,
      0.05083
    ],
    [
      24,
      0.05488
    ],
    [
      25,
      0.06329
    ],
    [
      26,
      0.04845
    ],
    [
      27,
      0.04485
    ],
    [
      28,
      0.04483
    ],
    [
      29,
      0.04068
    ],
    [
      30,
      0.03251
    ],
    [
      31,
      0.03609
    ],
    [
      32,
      0.03086
    ],
    [
      33,
      0.03503
    ],
    [
      34,
      0.03554
    ],
    [
      35,
      0.03283
    ],
    [
      36,
      0.02844
    ],
    [
      37,
      0.02683
    ],
    [
      38,
      0.0236
    ],
    [
      39,
      0.02318
    ],
    [
      40,
      0.02169
    ],
    [
      41,
      0.07882
    ],
    [
      42,
      0.06052
    ],
    [
      43,
      0.04821
    ],
    [
      44,
      0.0397
    ],
    [
      45,
      0.03527
    ],
    [
      46,
      0.02915
    ],
    [
      47,
      0.02545
    ],
    [
      48,
      0.02452
    ],
    [
      49,
      0.02366
    ],
    [
      50,
      0.0186
    ],
    [
      51,
      0.0182
    ],
    [
      52,
      0.01777
    ],
    [
      53,
      0.01722
    ],
    [
      54,
      0.01623
    ],
    [
      55,
      0.01488
    ],
    [
      56,
      0.01381
    ],
    [
      57,
      0.01292
    ],
    [
      58,
      0.01306
    ],
    [
      59,
      0.01361
    ],
    [
      60,
      0.01209
    ],
    [
      61,
      0.01135
    ],
    [
      62,
      0.01077
    ],
    [
      63,
      0.01091
    ],
    [
      64,
      0.01133
    ],
    [
      65,
      0.01051
    ],
    [
      66,
      0.0109
    ],
    [
      67,
      0.01012
    ],
    [
      68,
      0.01002
    ],
    [
      69,
      0.01242
    ],
    [
      70,
      0.01094
    ],
    [
      71,
      0.0101
    ],
    [
      72,
      0.01137
    ],
    [
      73,
      0.01067
    ],
    [
      74,
      0.00949
    ],
    [
      75,
      0.00828
    ],
    [
      76,
      0.00879
    ],
    [
      77,
      0.00875
    ],
    [
      78,
      0.0086
    ],
    [
      79,
      0.00874
    ],
    [
      80,
      0.00767
    ],
    [
      81,
      0.00785
    ],
    [
      82,
      0.00776
    ],
    [
      83,
      0.01007
    ],
    [
      84,
      0.00812
    ],
    [
      85,
      0.00772
    ],
    [
      86,
      0.00777
    ],
    [
      87,
      0.00739
    ],
    [
      88,
      0.00727
    ],
    [
      89,
      0.00677
    ],
    [
      90,
      0.00659
    ],
    [
      91,
      0.0072
    ],
    [
      92,
      0.00704
    ],
    [
      93,
      0.00712
    ],
    [
      94,
      0.00688
    ],
    [
      95,
      0.00647
    ],
    [
      96,
      0.00624
    ],
    [
      97,
      0.00638
    ],
    [
      98,
      0.0065
    ],
    [
      99,
      0.00699
    ],
    [
      100,
      0.00633
    ]
  ],
  "acc": [
    [
      1,
      0.34881
    ],
    [
      2,
      0.36112
    ],
    [
      3,
      0.40343
    ],
    [
      4,
      0.39485
    ],
    [
      5,
      0.3912
    ],
    [
      6,
      0.43899
    ],
    [
      7,
      0.41171
    ],
    [
      8,
      0.36276
    ],
    [
      9,
      0.37126
    ],
    [
      10,
      0.37094
    ],
    [
      11,
      0.36034
    ],
    [
      12,
      0.35671
    ],
    [
      13,
      0.3635
    ],
    [
      14,
      0.36159
    ],
    [
      15,
      0.36291
    ],
    [
      16,
      0.36547
    ],
    [
      17,
      0.35959
    ],
    [
      18,
      0.36086
    ],
    [
      19,
      0.36209
    ],
    [
      20,
      0.36309
    ],
    [
      21,
      0.36587
    ],
    [
      22,
      0.36543
    ],
    [
      23,
      0.36713
    ],
    [
      24,
      0.36894
    ],
    [
      25,
      0.36253
    ],
    [
      26,
      0.36755
    ],
    [
      27,
      0.36735
    ],
    [
      28,
      0.36992
    ],
    [
      29,
      0.36654
    ],
    [
      30,
      0.36747
    ],
    [
      31,
      0.36946
    ],
    [
      32,
      0.36859
    ],
    [
      33,
      0.36744
    ],
    [
      34,
      0.36481
    ],
    [
      35,
      0.37151
    ],
    [
      36,
      0.37151
    ],
    [
      37,
      0.37369
    ],
    [
      38,
      0.377
    ],
    [
      39,
      0.3762
    ],
    [
      40,
      0.3764
    ],
    [
      41,
      0.37636
    ],
    [
      42,
      0.3771
    ],
    [
      43,
      0.37372
    ],
    [
      44,
      0.37945
    ],
    [
      45,
      0.38374
    ],
    [
      46,
      0.38599
    ],
    [
      47,
      0.38334
    ],
    [
      48,
      0.38502
    ],
    [
      49,
      0.38201
    ],
    [
      50,
      0.3834
    ],
    [
      51,
      0.38265
    ],
    [
      52,
      0.38301
    ],
    [
      53,
      0.38366
    ],
    [
      54,
      0.38329
    ],
    [
      55,
      0.3845
    ],
    [
      56,
      0.38308
    ],
    [
      57,
      0.38371
    ],
    [
      58,
      0.38453
    ],
    [
      59,
      0.38308
    ],
    [
      60,
      0.38266
    ],
    [
      61,
      0.38204
    ],
    [
      62,
      0.38328
    ],
    [
      63,
      0.38438
    ],
    [
      64,
      0.38359
    ],
    [
      65,
      0.38525
    ],
    [
      66,
      0.38345
    ],
    [
      67,
      0.38392
    ],
    [
      68,
      0.38345
    ],
    [
      69,
      0.38506
    ],
    [
      70,
      0.38173
    ],
    [
      71,
      0.3834
    ],
    [
      72,
      0.38143
    ],
    [
      73,
      0.3815
    ],
    [
      74,
      0.38251
    ],
    [
      75,
      0.38319
    ],
    [
      76,
      0.3831
    ],
    [
      77,
      0.38171
    ],
    [
      78,
      0.38137
    ],
    [
      79,
      0.3836
    ],
    [
      80,
      0.38387
    ],
    [
      81,
      0.38372
    ],
    [
      82,
      0.38368
    ],
    [
      83,
      0.38324
    ],
    [
      84,
      0.38521
    ],
    [
      85,
      0.38426
    ],
    [
      86,
      0.38533
    ],
    [
      87,
      0.38449
    ],
    [
      88,
      0.38437
    ],
    [
      89,
      0.3851
    ],
    [
      90,
      0.3845
    ],
    [
      91,
      0.38394
    ],
    [
      92,
      0.38499
    ],
    [
      93,
      0.3857
    ],
    [
      94,
      0.38593
    ],
    [
      95,
      0.38593
    ],
    [
      96,
      0.38516
    ],
    [
      97,
      0.38609
    ],
    [
      98,
      0.38603
    ],
    [
      99,
      0.38768
    ],
    [
      100,
      0.38748
    ]
  ],
  "lr": [
    [
      1,
      0.001
    ],
    [
      2,
      0.00098
    ],
    [
      3,
      0.00095
    ],
    [
      4,
      0.00093
    ],
    [
      5,
      0.00091
    ],
    [
      6,
      0.00089
    ],
    [
      7,
      0.00087
    ],
    [
      8,
      0.00085
    ],
    [
      9,
      0.00083
    ],
    [
      10,
      0.00081
    ],
    [
      11,
      0.00079
    ],
    [
      12,
      0.00078
    ],
    [
      13,
      0.00076
    ],
    [
      14,
      0.00074
    ],
    [
      15,
      0.00072
    ],
    [
      16,
      0.00071
    ],
    [
      17,
      0.00069
    ],
    [
      18,
      0.00068
    ],
    [
      19,
      0.00066
    ],
    [
      20,
      0.00065
    ],
    [
      21,
      0.00063
    ],
    [
      22,
      0.00062
    ],
    [
      23,
      0.0006
    ],
    [
      24,
      0.00059
    ],
    [
      25,
      0.00058
    ],
    [
      26,
      0.00056
    ],
    [
      27,
      0.00055
    ],
    [
      28,
      0.00054
    ],
    [
      29,
      0.00052
    ],
    [
      30,
      0.00051
    ],
    [
      31,
      0.0005
    ],
    [
      32,
      0.00049
    ],
    [
      33,
      0.00048
    ],
    [
      34,
      0.00047
    ],
    [
      35,
      0.00046
    ],
    [
      36,
      0.00045
    ],
    [
      37,
      0.00044
    ],
    [
      38,
      0.00043
    ],
    [
      39,
      0.00042
    ],
    [
      40,
      0.00041
    ],
    [
      41,
      0.0004
    ],
    [
      42,
      0.00039
    ],
    [
      43,
      0.00038
    ],
    [
      44,
      0.00037
    ],
    [
      45,
      0.00036
    ],
    [
      46,
      0.00035
    ],
    [
      47,
      0.00035
    ],
    [
      48,
      0.00034
    ],
    [
      49,
      0.00033
    ],
    [
      50,
      0.00032
    ],
    [
      51,
      0.00032
    ],
    [
      52,
      0.00031
    ],
    [
      53,
      0.0003
    ],
    [
      54,
      0.0003
    ],
    [
      55,
      0.00029
    ],
    [
      56,
      0.00028
    ],
    [
      57,
      0.00028
    ],
    [
      58,
      0.00027
    ],
    [
      59,
      0.00026
    ],
    [
      60,
      0.00026
    ],
    [
      61,
      0.00025
    ],
    [
      62,
      0.00025
    ],
    [
      63,
      0.00024
    ],
    [
      64,
      0.00023
    ],
    [
      65,
      0.00023
    ],
    [
      66,
      0.00022
    ],
    [
      67,
      0.00022
    ],
    [
      68,
      0.00021
    ],
    [
      69,
      0.00021
    ],
    [
      70,
      0.0002
    ],
    [
      71,
      0.0002
    ],
    [
      72,
      0.00019
    ],
    [
      73,
      0.00019
    ],
    [
      74,
      0.00019
    ],
    [
      75,
      0.00018
    ],
    [
      76,
      0.00018
    ],
    [
      77,
      0.00017
    ],
    [
      78,
      0.00017
    ],
    [
      79,
      0.00017
    ],
    [
      80,
      0.00016
    ],
    [
      81,
      0.00016
    ],
    [
      82,
      0.00015
    ],
    [
      83,
      0.00015
    ],
    [
      84,
      0.00015
    ],
    [
      85,
      0.00014
    ],
    [
      86,
      0.00014
    ],
    [
      87,
      0.00014
    ],
    [
      88,
      0.00013
    ],
    [
      89,
      0.00013
    ],
    [
      90,
      0.00013
    ],
    [
      91,
      0.00013
    ],
    [
      92,
      0.00012
    ],
    [
      93,
      0.00012
    ],
    [
      94,
      0.00012
    ],
    [
      95,
      0.00011
    ],
    [
      96,
      0.00011
    ],
    [
      97,
      0.00011
    ],
    [
      98,
      0.00011
    ],
    [
      99,
      0.0001
    ],
    [
      100,
      0.0001
    ]
  ],
  "val_acc": [
    [
      10,
      0.03409
    ],
    [
      20,
      0.65483
    ],
    [
      30,
      0.87955
    ],
    [
      40,
      0.85762
    ],
    [
      50,
      0.89926
    ],
    [
      60,
      0.89338
    ],
    [
      70,
      0.8796
    ],
    [
      80,
      0.85119
    ],
    [
      90,
      0.89049
    ],
    [
      100,
      0.89639
    ]
  ],
  "AP_6": [
    [
      10,
      0.0
    ],
    [
      20,
      0.54545
    ],
    [
      30,
      0.80114
    ],
    [
      40,
      0.80749
    ],
    [
      50,
      0.96667
    ],
    [
      60,
      0.89394
    ],
    [
      70,
      0.80749
    ],
    [
      80,
      0.80749
    ],
    [
      90,
      0.89394
    ],
    [
      100,
      0.80749
    ]
  ],
  "AP_7": [
    [
      10,
      0.0
    ],
    [
      20,
      0.36364
    ],
    [
      30,
      0.72727
    ],
    [
      40,
      0.63636
    ],
    [
      50,
      0.69697
    ],
    [
      60,
      0.69697
    ],
    [
      70,
      0.69886
    ],
    [
      80,
      0.69886
    ],
    [
      90,
      0.6738
    ],
    [
      100,
      0.7861
    ]
  ],
  "AP_8": [
    [
      10,
      0.0
    ],
    [
      20,
      0.72727
    ],
    [
      30,
      0.81818
    ],
    [
      40,
      0.72727
    ],
    [
      50,
      0.90909
    ],
    [
      60,
      0.90909
    ],
    [
      70,
      0.90909
    ],
    [
      80,
      0.81818
    ],
    [
      90,
      0.90909
    ],
    [
      100,
      0.90909
    ]
  ],
  "AP_1": [
    [
      10,
      0.18182
    ],
    [
      20,
      0.72727
    ],
    [
      30,
      1.0
    ],
    [
      40,
      0.81818
    ],
    [
      50,
      0.74973
    ],
    [
      60,
      0.86631
    ],
    [
      70,
      0.74973
    ],
    [
      80,
      0.74973
    ],
    [
      90,
      0.86631
    ],
    [
      100,
      0.8877
    ]
  ],
  "AP_3": [
    [
      10,
      0.0
    ],
    [
      20,
      0.81818
    ],
    [
      30,
      1.0
    ],
    [
      40,
      1.0
    ],
    [
      50,
      1.0
    ],
    [
      60,
      1.0
    ],
    [
      70,
      1.0
    ],
    [
      80,
      0.95455
    ],
    [
      90,
      1.0
    ],
    [
      100,
      1.0
    ]
  ],
  "AP_2": [
    [
      10,
      0.09091
    ],
    [
      20,
      0.78409
    ],
    [
      30,
      0.90909
    ],
    [
      40,
      1.0
    ],
    [
      50,
      1.0
    ],
    [
      60,
      1.0
    ],
    [
      70,
      1.0
    ],
    [
      80,
      1.0
    ],
    [
      90,
      1.0
    ],
    [
      100,
      1.0
    ]
  ],
  "AP_5": [
    [
      10,
      0.0
    ],
    [
      20,
      0.72727
    ],
    [
      30,
      0.90909
    ],
    [
      40,
      1.0
    ],
    [
      50,
      1.0
    ],
    [
      60,
      0.90909
    ],
    [
      70,
      1.0
    ],
    [
      80,
      0.90909
    ],
    [
      90,
      0.90909
    ],
    [
      100,
      0.90909
    ]
  ],
  "AP_4": [
    [
      10,
      0.0
    ],
    [
      20,
      0.54545
    ],
    [
      30,
      0.87166
    ],
    [
      40,
      0.87166
    ],
    [
      50,
      0.87166
    ],
    [
      60,
      0.87166
    ],
    [
      70,
      0.87166
    ],
    [
      80,
      0.87166
    ],
    [
      90,
      0.87166
    ],
    [
      100,
      0.87166
    ]
  ],
  "mean": 123.5,
  "std": 58.395,
  "label_type": "detection",
  "data_type": "image",
  "labels": [
    "6",
    "7",
    "8",
    "1",
    "3",
    "2",
    "5",
    "4"
  ],
  "best_eval": {
    "epoch": 50,
    "val_acc": 0.899,
    "val_info": [
      {
        "name": "bb7c019f64994694a3424e7e5de60c81.jpg",
        "nickname": "photo2_587.jpg",
        "pred": [
          [
            122,
            81,
            215,
            185,
            0.8107054233551025,
            0.0
          ],
          [
            7,
            55,
            99,
            153,
            0.9409286975860596,
            7.0
          ]
        ],
        "gt": [
          [
            107,
            82,
            223,
            193,
            1.0,
            0.0
          ],
          [
            0,
            38,
            87,
            151,
            1.0,
            7.0
          ]
        ],
        "ok": true
      },
      {
        "name": "2e257a368e924fee8d10200f77d6fabf.jpg",
        "nickname": "0310220808_phone.jpg",
        "pred": [
          [
            180,
            102,
            310,
            284,
            0.5604978203773499,
            0.0
          ],
          [
            47,
            79,
            168,
            217,
            0.5690770149230957,
            1.0
          ]
        ],
        "gt": [
          [
            210,
            123,
            317,
            286,
            1.0,
            0.0
          ],
          [
            66,
            83,
            166,
            231,
            1.0,
            1.0
          ]
        ],
        "ok": true
      },
      {
        "name": "71def34def214d3f9a53d9e4c2826b9a.jpg",
        "nickname": "photo2_601.jpg",
        "pred": [
          [
            105,
            55,
            220,
            185,
            0.8046461939811707,
            0.0
          ],
          [
            5,
            60,
            99,
            155,
            0.8849165439605713,
            7.0
          ]
        ],
        "gt": [
          [
            97,
            57,
            223,
            171,
            1.0,
            0.0
          ]
        ],
        "ok": false
      },
      {
        "name": "b07e86b1a929425098733db92cf234a3.jpg",
        "nickname": "0310220741_phone.jpg",
        "pred": [
          [
            180,
            102,
            309,
            278,
            0.6889770030975342,
            0.0
          ],
          [
            14,
            85,
            138,
            225,
            0.5873544812202454,
            1.0
          ]
        ],
        "gt": [
          [
            26,
            80,
            163,
            220,
            1.0,
            1.0
          ]
        ],
        "ok": false
      },
      {
        "name": "656e625408254fd6b74884514a6d1355.jpg",
        "nickname": "0310220753_phone.jpg",
        "pred": [
          [
            35,
            85,
            201,
            237,
            0.5560043454170227,
            2.0
          ],
          [
            200,
            45,
            321,
            174,
            0.9173593521118164,
            7.0
          ]
        ],
        "gt": [
          [
            30,
            74,
            163,
            210,
            1.0,
            2.0
          ],
          [
            183,
            44,
            317,
            166,
            1.0,
            7.0
          ]
        ],
        "ok": true
      },
      {
        "name": "4f5b36a89dec438096c31353f5864388.jpg",
        "nickname": "photo2_783.jpg",
        "pred": [
          [
            29,
            12,
            203,
            171,
            0.5167523622512817,
            0.0
          ],
          [
            21,
            15,
            227,
            216,
            0.8889210820198059,
            2.0
          ]
        ],
        "gt": [
          [
            15,
            17,
            223,
            223,
            1.0,
            2.0
          ]
        ],
        "ok": false
      },
      {
        "name": "cb044746cb6e44259afd0f50ccac13d2.jpg",
        "nickname": "photo2_235.jpg",
        "pred": [
          [
            44,
            36,
            176,
            135,
            0.8803349733352661,
            4.0
          ]
        ],
        "gt": [
          [
            64,
            42,
            182,
            127,
            1.0,
            4.0
          ]
        ],
        "ok": true
      },
      {
        "name": "85d01dc8552646229a564aff1c68f7ba.jpg",
        "nickname": "photo2_9.jpg",
        "pred": [
          [
            45,
            104,
            187,
            200,
            0.7710651159286499,
            3.0
          ]
        ],
        "gt": [
          [
            29,
            101,
            181,
            204,
            1.0,
            3.0
          ]
        ],
        "ok": true
      },
      {
        "name": "86a633f225dc456c956f5916a57f84ba.jpg",
        "nickname": "photo2_145.jpg",
        "pred": [
          [
            71,
            23,
            228,
            181,
            0.979454755783081,
            5.0
          ]
        ],
        "gt": [
          [
            14,
            6,
            223,
            167,
            1.0,
            5.0
          ]
        ],
        "ok": true
      },
      {
        "name": "ed7b82fba6fb4c9b9febcd642568daca.jpg",
        "nickname": "photo2_430.jpg",
        "pred": [
          [
            81,
            85,
            209,
            178,
            0.9346592426300049,
            6.0
          ]
        ],
        "gt": [
          [
            72,
            72,
            195,
            161,
            1.0,
            6.0
          ]
        ],
        "ok": true
      },
      {
        "name": "8dc42afda64f40ada08af6da381f713a.jpg",
        "nickname": "0208225607_phone.jpg",
        "pred": [
          [
            22,
            45,
            172,
            174,
            0.7847557663917542,
            3.0
          ]
        ],
        "gt": [
          [
            50,
            76,
            186,
            200,
            1.0,
            3.0
          ]
        ],
        "ok": false
      },
      {
        "name": "b533f2e3069440288a11f5466da316e4.jpg",
        "nickname": "photo2_321.jpg",
        "pred": [],
        "gt": [
          [
            66,
            46,
            148,
            115,
            1.0,
            7.0
          ]
        ],
        "ok": false
      }
    ]
  }
}