{
  "anchors": [
    2.5,
    2.41,
    3.72,
    4.28,
    4.5,
    3.62,
    3.34,
    3.06,
    5.16,
    5.22
  ],
  "inputs": {
    "input0": [
      224,
      224,
      3
    ]
  },
  "outputs": {
    "output0": [
      7,
      7,
      65
    ]
  },
  "params_quantity": 1882961,
  "loss": [
    [
      1,
      2.19878
    ],
    [
      2,
      1.32792
    ],
    [
      3,
      1.33974
    ],
    [
      4,
      1.09186
    ],
    [
      5,
      0.81962
    ],
    [
      6,
      1.61079
    ],
    [
      7,
      0.51247
    ],
    [
      8,
      0.31756
    ],
    [
      9,
      0.24457
    ],
    [
      10,
      0.19547
    ],
    [
      11,
      0.15915
    ],
    [
      12,
      0.13705
    ],
    [
      13,
      0.12138
    ],
    [
      14,
      0.09995
    ],
    [
      15,
      0.0955
    ],
    [
      16,
      0.0844
    ],
    [
      17,
      0.07791
    ],
    [
      18,
      0.07527
    ],
    [
      19,
      0.07303
    ],
    [
      20,
      0.06466
    ],
    [
      21,
      0.0602
    ],
    [
      22,
      0.05357
    ],
    [
      23,
      0.05194
    ],
    [
      24,
      0.05211
    ],
    [
      25,
      0.05078
    ],
    [
      26,
      0.04372
    ],
    [
      27,
      0.03706
    ],
    [
      28,
      0.03493
    ],
    [
      29,
      0.03368
    ],
    [
      30,
      0.03127
    ],
    [
      31,
      0.03198
    ],
    [
      32,
      0.02931
    ],
    [
      33,
      0.02936
    ],
    [
      34,
      0.02721
    ],
    [
      35,
      0.027
    ],
    [
      36,
      0.02741
    ],
    [
      37,
      0.02393
    ],
    [
      38,
      0.02182
    ],
    [
      39,
      0.02108
    ],
    [
      40,
      0.02011
    ],
    [
      41,
      0.01952
    ],
    [
      42,
      0.01789
    ],
    [
      43,
      0.0168
    ],
    [
      44,
      0.01613
    ],
    [
      45,
      0.01638
    ],
    [
      46,
      0.01695
    ],
    [
      47,
      0.01709
    ],
    [
      48,
      0.01632
    ],
    [
      49,
      0.0152
    ],
    [
      50,
      0.01343
    ],
    [
      51,
      0.01327
    ],
    [
      52,
      0.0125
    ],
    [
      53,
      0.01235
    ],
    [
      54,
      0.01262
    ],
    [
      55,
      0.01122
    ],
    [
      56,
      0.01204
    ],
    [
      57,
      0.01144
    ],
    [
      58,
      0.01138
    ],
    [
      59,
      0.01127
    ],
    [
      60,
      0.01094
    ],
    [
      61,
      0.01118
    ],
    [
      62,
      0.01074
    ],
    [
      63,
      0.00957
    ],
    [
      64,
      0.00942
    ],
    [
      65,
      0.00915
    ],
    [
      66,
      0.00947
    ],
    [
      67,
      0.00966
    ],
    [
      68,
      0.00927
    ],
    [
      69,
      0.00888
    ],
    [
      70,
      0.00902
    ],
    [
      71,
      0.00848
    ],
    [
      72,
      0.00868
    ],
    [
      73,
      0.00812
    ],
    [
      74,
      0.00833
    ],
    [
      75,
      0.00771
    ],
    [
      76,
      0.00751
    ],
    [
      77,
      0.00701
    ],
    [
      78,
      0.00714
    ],
    [
      79,
      0.00722
    ],
    [
      80,
      0.00786
    ],
    [
      81,
      0.00702
    ],
    [
      82,
      0.00675
    ],
    [
      83,
      0.0066
    ],
    [
      84,
      0.00669
    ],
    [
      85,
      0.00607
    ],
    [
      86,
      0.00619
    ],
    [
      87,
      0.00612
    ],
    [
      88,
      0.00637
    ],
    [
      89,
      0.00644
    ],
    [
      90,
      0.00605
    ],
    [
      91,
      0.00595
    ],
    [
      92,
      0.00566
    ],
    [
      93,
      0.00544
    ],
    [
      94,
      0.00555
    ],
    [
      95,
      0.00573
    ],
    [
      96,
      0.00551
    ],
    [
      97,
      0.00536
    ],
    [
      98,
      0.00569
    ],
    [
      99,
      0.0056
    ],
    [
      100,
      0.00544
    ]
  ],
  "acc": [
    [
      1,
      0.35255
    ],
    [
      2,
      0.44343
    ],
    [
      3,
      0.43472
    ],
    [
      4,
      0.41498
    ],
    [
      5,
      0.42807
    ],
    [
      6,
      0.34641
    ],
    [
      7,
      0.30841
    ],
    [
      8,
      0.26747
    ],
    [
      9,
      0.27043
    ],
    [
      10,
      0.28053
    ],
    [
      11,
      0.28364
    ],
    [
      12,
      0.2867
    ],
    [
      13,
      0.28749
    ],
    [
      14,
      0.28621
    ],
    [
      15,
      0.29055
    ],
    [
      16,
      0.29485
    ],
    [
      17,
      0.29612
    ],
    [
      18,
      0.29646
    ],
    [
      19,
      0.29403
    ],
    [
      20,
      0.29147
    ],
    [
      21,
      0.29354
    ],
    [
      22,
      0.29507
    ],
    [
      23,
      0.29307
    ],
    [
      24,
      0.29506
    ],
    [
      25,
      0.29424
    ],
    [
      26,
      0.29447
    ],
    [
      27,
      0.29144
    ],
    [
      28,
      0.29219
    ],
    [
      29,
      0.2899
    ],
    [
      30,
      0.28922
    ],
    [
      31,
      0.29095
    ],
    [
      32,
      0.2883
    ],
    [
      33,
      0.28663
    ],
    [
      34,
      0.28917
    ],
    [
      35,
      0.28699
    ],
    [
      36,
      0.28522
    ],
    [
      37,
      0.28474
    ],
    [
      38,
      0.28541
    ],
    [
      39,
      0.28523
    ],
    [
      40,
      0.28326
    ],
    [
      41,
      0.28361
    ],
    [
      42,
      0.2822
    ],
    [
      43,
      0.28293
    ],
    [
      44,
      0.28103
    ],
    [
      45,
      0.28198
    ],
    [
      46,
      0.28034
    ],
    [
      47,
      0.27908
    ],
    [
      48,
      0.27889
    ],
    [
      49,
      0.28132
    ],
    [
      50,
      0.28116
    ],
    [
      51,
      0.28029
    ],
    [
      52,
      0.28006
    ],
    [
      53,
      0.27805
    ],
    [
      54,
      0.27732
    ],
    [
      55,
      0.2777
    ],
    [
      56,
      0.27732
    ],
    [
      57,
      0.27889
    ],
    [
      58,
      0.27706
    ],
    [
      59,
      0.27735
    ],
    [
      60,
      0.27731
    ],
    [
      61,
      0.27585
    ],
    [
      62,
      0.27632
    ],
    [
      63,
      0.27627
    ],
    [
      64,
      0.2752
    ],
    [
      65,
      0.27708
    ],
    [
      66,
      0.27571
    ],
    [
      67,
      0.27828
    ],
    [
      68,
      0.27743
    ],
    [
      69,
      0.27633
    ],
    [
      70,
      0.27581
    ],
    [
      71,
      0.27586
    ],
    [
      72,
      0.27429
    ],
    [
      73,
      0.27333
    ],
    [
      74,
      0.27387
    ],
    [
      75,
      0.27362
    ],
    [
      76,
      0.27209
    ],
    [
      77,
      0.27246
    ],
    [
      78,
      0.27232
    ],
    [
      79,
      0.27301
    ],
    [
      80,
      0.27247
    ],
    [
      81,
      0.27199
    ],
    [
      82,
      0.27226
    ],
    [
      83,
      0.27287
    ],
    [
      84,
      0.27158
    ],
    [
      85,
      0.27158
    ],
    [
      86,
      0.27206
    ],
    [
      87,
      0.27212
    ],
    [
      88,
      0.27165
    ],
    [
      89,
      0.27253
    ],
    [
      90,
      0.27131
    ],
    [
      91,
      0.27054
    ],
    [
      92,
      0.27145
    ],
    [
      93,
      0.27271
    ],
    [
      94,
      0.27253
    ],
    [
      95,
      0.27363
    ],
    [
      96,
      0.27194
    ],
    [
      97,
      0.27228
    ],
    [
      98,
      0.2717
    ],
    [
      99,
      0.27208
    ],
    [
      100,
      0.27232
    ]
  ],
  "lr": [
    [
      1,
      0.001
    ],
    [
      2,
      0.00098
    ],
    [
      3,
      0.00095
    ],
    [
      4,
      0.00093
    ],
    [
      5,
      0.00091
    ],
    [
      6,
      0.00089
    ],
    [
      7,
      0.00087
    ],
    [
      8,
      0.00085
    ],
    [
      9,
      0.00083
    ],
    [
      10,
      0.00081
    ],
    [
      11,
      0.00079
    ],
    [
      12,
      0.00078
    ],
    [
      13,
      0.00076
    ],
    [
      14,
      0.00074
    ],
    [
      15,
      0.00072
    ],
    [
      16,
      0.00071
    ],
    [
      17,
      0.00069
    ],
    [
      18,
      0.00068
    ],
    [
      19,
      0.00066
    ],
    [
      20,
      0.00065
    ],
    [
      21,
      0.00063
    ],
    [
      22,
      0.00062
    ],
    [
      23,
      0.0006
    ],
    [
      24,
      0.00059
    ],
    [
      25,
      0.00058
    ],
    [
      26,
      0.00056
    ],
    [
      27,
      0.00055
    ],
    [
      28,
      0.00054
    ],
    [
      29,
      0.00052
    ],
    [
      30,
      0.00051
    ],
    [
      31,
      0.0005
    ],
    [
      32,
      0.00049
    ],
    [
      33,
      0.00048
    ],
    [
      34,
      0.00047
    ],
    [
      35,
      0.00046
    ],
    [
      36,
      0.00045
    ],
    [
      37,
      0.00044
    ],
    [
      38,
      0.00043
    ],
    [
      39,
      0.00042
    ],
    [
      40,
      0.00041
    ],
    [
      41,
      0.0004
    ],
    [
      42,
      0.00039
    ],
    [
      43,
      0.00038
    ],
    [
      44,
      0.00037
    ],
    [
      45,
      0.00036
    ],
    [
      46,
      0.00035
    ],
    [
      47,
      0.00035
    ],
    [
      48,
      0.00034
    ],
    [
      49,
      0.00033
    ],
    [
      50,
      0.00032
    ],
    [
      51,
      0.00032
    ],
    [
      52,
      0.00031
    ],
    [
      53,
      0.0003
    ],
    [
      54,
      0.0003
    ],
    [
      55,
      0.00029
    ],
    [
      56,
      0.00028
    ],
    [
      57,
      0.00028
    ],
    [
      58,
      0.00027
    ],
    [
      59,
      0.00026
    ],
    [
      60,
      0.00026
    ],
    [
      61,
      0.00025
    ],
    [
      62,
      0.00025
    ],
    [
      63,
      0.00024
    ],
    [
      64,
      0.00023
    ],
    [
      65,
      0.00023
    ],
    [
      66,
      0.00022
    ],
    [
      67,
      0.00022
    ],
    [
      68,
      0.00021
    ],
    [
      69,
      0.00021
    ],
    [
      70,
      0.0002
    ],
    [
      71,
      0.0002
    ],
    [
      72,
      0.00019
    ],
    [
      73,
      0.00019
    ],
    [
      74,
      0.00019
    ],
    [
      75,
      0.00018
    ],
    [
      76,
      0.00018
    ],
    [
      77,
      0.00017
    ],
    [
      78,
      0.00017
    ],
    [
      79,
      0.00017
    ],
    [
      80,
      0.00016
    ],
    [
      81,
      0.00016
    ],
    [
      82,
      0.00015
    ],
    [
      83,
      0.00015
    ],
    [
      84,
      0.00015
    ],
    [
      85,
      0.00014
    ],
    [
      86,
      0.00014
    ],
    [
      87,
      0.00014
    ],
    [
      88,
      0.00013
    ],
    [
      89,
      0.00013
    ],
    [
      90,
      0.00013
    ],
    [
      91,
      0.00013
    ],
    [
      92,
      0.00012
    ],
    [
      93,
      0.00012
    ],
    [
      94,
      0.00012
    ],
    [
      95,
      0.00011
    ],
    [
      96,
      0.00011
    ],
    [
      97,
      0.00011
    ],
    [
      98,
      0.00011
    ],
    [
      99,
      0.0001
    ],
    [
      100,
      0.0001
    ]
  ],
  "val_acc": [
    [
      10,
      0.07955
    ],
    [
      20,
      0.61107
    ],
    [
      30,
      0.77509
    ],
    [
      40,
      0.82922
    ],
    [
      50,
      0.84623
    ],
    [
      60,
      0.84282
    ],
    [
      70,
      0.87533
    ],
    [
      80,
      0.86741
    ],
    [
      90,
      0.87835
    ],
    [
      100,
      0.87034
    ]
  ],
  "AP_5": [
    [
      10,
      0.18182
    ],
    [
      20,
      0.72727
    ],
    [
      30,
      1.0
    ],
    [
      40,
      1.0
    ],
    [
      50,
      1.0
    ],
    [
      60,
      1.0
    ],
    [
      70,
      1.0
    ],
    [
      80,
      1.0
    ],
    [
      90,
      1.0
    ],
    [
      100,
      1.0
    ]
  ],
  "AP_4": [
    [
      10,
      0.0
    ],
    [
      20,
      0.45455
    ],
    [
      30,
      0.81818
    ],
    [
      40,
      0.80808
    ],
    [
      50,
      0.81818
    ],
    [
      60,
      0.81818
    ],
    [
      70,
      0.81818
    ],
    [
      80,
      0.81818
    ],
    [
      90,
      0.81818
    ],
    [
      100,
      0.81818
    ]
  ],
  "AP_6": [
    [
      10,
      0.0
    ],
    [
      20,
      0.63636
    ],
    [
      30,
      0.72727
    ],
    [
      40,
      0.81818
    ],
    [
      50,
      0.81818
    ],
    [
      60,
      0.81818
    ],
    [
      70,
      0.81818
    ],
    [
      80,
      0.81818
    ],
    [
      90,
      0.81818
    ],
    [
      100,
      0.81818
    ]
  ],
  "AP_7": [
    [
      10,
      0.0
    ],
    [
      20,
      0.25974
    ],
    [
      30,
      0.32955
    ],
    [
      40,
      0.41781
    ],
    [
      50,
      0.60326
    ],
    [
      60,
      0.63636
    ],
    [
      70,
      0.6803
    ],
    [
      80,
      0.61688
    ],
    [
      90,
      0.70446
    ],
    [
      100,
      0.72727
    ]
  ],
  "AP_8": [
    [
      10,
      0.0
    ],
    [
      20,
      0.63636
    ],
    [
      30,
      0.81818
    ],
    [
      40,
      0.90909
    ],
    [
      50,
      0.90909
    ],
    [
      60,
      1.0
    ],
    [
      70,
      1.0
    ],
    [
      80,
      1.0
    ],
    [
      90,
      1.0
    ],
    [
      100,
      1.0
    ]
  ],
  "AP_1": [
    [
      10,
      0.18182
    ],
    [
      20,
      0.53788
    ],
    [
      30,
      0.68939
    ],
    [
      40,
      0.77149
    ],
    [
      50,
      0.80293
    ],
    [
      60,
      0.78086
    ],
    [
      70,
      0.86782
    ],
    [
      80,
      0.86782
    ],
    [
      90,
      0.86782
    ],
    [
      100,
      0.78086
    ]
  ],
  "AP_3": [
    [
      10,
      0.0
    ],
    [
      20,
      0.81818
    ],
    [
      30,
      1.0
    ],
    [
      40,
      1.0
    ],
    [
      50,
      1.0
    ],
    [
      60,
      0.87081
    ],
    [
      70,
      1.0
    ],
    [
      80,
      1.0
    ],
    [
      90,
      1.0
    ],
    [
      100,
      1.0
    ]
  ],
  "AP_2": [
    [
      10,
      0.27273
    ],
    [
      20,
      0.81818
    ],
    [
      30,
      0.81818
    ],
    [
      40,
      0.90909
    ],
    [
      50,
      0.81818
    ],
    [
      60,
      0.81818
    ],
    [
      70,
      0.81818
    ],
    [
      80,
      0.81818
    ],
    [
      90,
      0.81818
    ],
    [
      100,
      0.81818
    ]
  ],
  "mean": 123.5,
  "std": 58.395,
  "label_type": "detection",
  "data_type": "image",
  "labels": [
    "5",
    "4",
    "6",
    "7",
    "8",
    "1",
    "3",
    "2"
  ],
  "best_eval": {
    "epoch": 90,
    "val_acc": 0.878,
    "val_info": [
      {
        "name": "656e625408254fd6b74884514a6d1355.jpg",
        "nickname": "0310220753_phone.jpg",
        "pred": [
          [
            206,
            42,
            306,
            166,
            0.6616360545158386,
            1.0
          ],
          [
            19,
            69,
            188,
            260,
            0.7527356743812561,
            4.0
          ]
        ],
        "gt": [
          [
            183,
            44,
            317,
            166,
            1.0,
            1.0
          ],
          [
            30,
            74,
            163,
            210,
            1.0,
            4.0
          ]
        ],
        "ok": true
      },
      {
        "name": "ef3b84fe0e094e7c8e59423fa4542623.jpg",
        "nickname": "photo2_335.jpg",
        "pred": [
          [
            0,
            75,
            107,
            170,
            0.9490660429000854,
            0.0
          ],
          [
            96,
            33,
            209,
            116,
            0.9270687699317932,
            1.0
          ]
        ],
        "gt": [
          [
            0,
            82,
            126,
            171,
            1.0,
            0.0
          ],
          [
            119,
            26,
            207,
            104,
            1.0,
            1.0
          ]
        ],
        "ok": true
      },
      {
        "name": "f0a5d8d77ba44e4f82808f221e629cfd.jpg",
        "nickname": "0310220734_phone.jpg",
        "pred": [
          [
            146,
            129,
            275,
            286,
            0.8272903561592102,
            2.0
          ],
          [
            13,
            88,
            148,
            239,
            0.9493663311004639,
            3.0
          ]
        ],
        "gt": [
          [
            146,
            144,
            266,
            277,
            1.0,
            2.0
          ],
          [
            13,
            104,
            136,
            243,
            1.0,
            3.0
          ]
        ],
        "ok": true
      },
      {
        "name": "987eedc54a3f405cac5c3210de96d045.jpg",
        "nickname": "photo2_376.jpg",
        "pred": [
          [
            30,
            44,
            187,
            216,
            0.7061652541160583,
            1.0
          ],
          [
            39,
            36,
            192,
            192,
            0.688328742980957,
            5.0
          ]
        ],
        "gt": [
          [
            0,
            32,
            203,
            198,
            1.0,
            1.0
          ]
        ],
        "ok": false
      },
      {
        "name": "ac8dcbf433494d978b055d676634af43.jpg",
        "nickname": "0310221038_phone.jpg",
        "pred": [
          [
            47,
            47,
            183,
            182,
            0.9633217453956604,
            2.0
          ],
          [
            35,
            44,
            136,
            151,
            0.5254390239715576,
            3.0
          ]
        ],
        "gt": [
          [
            81,
            46,
            190,
            160,
            1.0,
            2.0
          ]
        ],
        "ok": false
      },
      {
        "name": "af7f3404808b4701aba347b091a70739.jpg",
        "nickname": "0310220631_phone.jpg",
        "pred": [
          [
            75,
            53,
            243,
            253,
            0.9641929864883423,
            6.0
          ]
        ],
        "gt": [
          [
            63,
            59,
            246,
            226,
            1.0,
            6.0
          ]
        ],
        "ok": true
      },
      {
        "name": "e6d25b4c7202430baaf81c9f5f8fbcf6.jpg",
        "nickname": "photo2_120.jpg",
        "pred": [
          [
            58,
            48,
            211,
            218,
            0.9579936265945435,
            7.0
          ]
        ],
        "gt": [
          [
            50,
            57,
            212,
            220,
            1.0,
            7.0
          ]
        ],
        "ok": true
      },
      {
        "name": "4ae22c38340d4d18b6ad0048b3274403.jpg",
        "nickname": "photo2_810.jpg",
        "pred": [
          [
            73,
            2,
            225,
            118,
            0.7592100501060486,
            5.0
          ]
        ],
        "gt": [
          [
            102,
            9,
            223,
            124,
            1.0,
            5.0
          ]
        ],
        "ok": true
      },
      {
        "name": "ec6e8c8b2dac42a69eac96ec661a850c.jpg",
        "nickname": "photo2_822.jpg",
        "pred": [
          [
            99,
            39,
            203,
            188,
            0.9195842146873474,
            5.0
          ]
        ],
        "gt": [
          [
            51,
            20,
            216,
            223,
            1.0,
            5.0
          ]
        ],
        "ok": false
      },
      {
        "name": "2e257a368e924fee8d10200f77d6fabf.jpg",
        "nickname": "0310220808_phone.jpg",
        "pred": [
          [
            26,
            62,
            192,
            265,
            0.6960648894309998,
            3.0
          ]
        ],
        "gt": [
          [
            210,
            123,
            317,
            286,
            1.0,
            2.0
          ],
          [
            66,
            83,
            166,
            231,
            1.0,
            3.0
          ]
        ],
        "ok": false
      },
      {
        "name": "a4cd1f4fe56a4befb96caed924f6f660.jpg",
        "nickname": "0208225825_phone.jpg",
        "pred": [],
        "gt": [
          [
            27,
            56,
            159,
            293,
            1.0,
            7.0
          ]
        ],
        "ok": false
      }
    ]
  }
}