{
  "anchors": [
    4.27,
    5.09,
    1.25,
    1.66,
    2.47,
    3.09,
    1.84,
    2.44,
    3.19,
    3.94
  ],
  "inputs": {
    "input0": [
      224,
      224,
      3
    ]
  },
  "outputs": {
    "output0": [
      7,
      7,
      45
    ]
  },
  "params_quantity": 1867581,
  "loss": [
    [
      1,
      1.37406
    ],
    [
      2,
      0.74337
    ],
    [
      3,
      0.50111
    ],
    [
      4,
      0.36249
    ],
    [
      5,
      0.32417
    ],
    [
      6,
      0.92182
    ],
    [
      7,
      0.32069
    ],
    [
      8,
      0.24887
    ],
    [
      9,
      0.19996
    ],
    [
      10,
      0.15027
    ],
    [
      11,
      0.11672
    ],
    [
      12,
      0.09668
    ],
    [
      13,
      0.09299
    ],
    [
      14,
      0.06681
    ],
    [
      15,
      0.05486
    ],
    [
      16,
      0.0471
    ],
    [
      17,
      0.03911
    ],
    [
      18,
      0.0369
    ],
    [
      19,
      0.03609
    ],
    [
      20,
      0.02952
    ],
    [
      21,
      0.02564
    ],
    [
      22,
      0.02459
    ],
    [
      23,
      0.02165
    ],
    [
      24,
      0.01914
    ],
    [
      25,
      0.0169
    ],
    [
      26,
      0.01489
    ],
    [
      27,
      0.01428
    ],
    [
      28,
      0.01352
    ],
    [
      29,
      0.01353
    ],
    [
      30,
      0.01102
    ],
    [
      31,
      0.01102
    ],
    [
      32,
      0.01072
    ],
    [
      33,
      0.00939
    ],
    [
      34,
      0.00863
    ],
    [
      35,
      0.00932
    ],
    [
      36,
      0.0085
    ],
    [
      37,
      0.0083
    ],
    [
      38,
      0.0081
    ],
    [
      39,
      0.00704
    ],
    [
      40,
      0.0065
    ],
    [
      41,
      0.00688
    ],
    [
      42,
      0.00633
    ],
    [
      43,
      0.00625
    ],
    [
      44,
      0.00645
    ],
    [
      45,
      0.00605
    ],
    [
      46,
      0.0058
    ],
    [
      47,
      0.00603
    ],
    [
      48,
      0.00547
    ],
    [
      49,
      0.00554
    ],
    [
      50,
      0.00572
    ],
    [
      51,
      0.00537
    ],
    [
      52,
      0.00557
    ],
    [
      53,
      0.00536
    ],
    [
      54,
      0.00472
    ],
    [
      55,
      0.00463
    ],
    [
      56,
      0.00496
    ],
    [
      57,
      0.00453
    ],
    [
      58,
      0.00458
    ],
    [
      59,
      0.00436
    ],
    [
      60,
      0.00412
    ],
    [
      61,
      0.0039
    ],
    [
      62,
      0.00398
    ],
    [
      63,
      0.00417
    ],
    [
      64,
      0.00423
    ],
    [
      65,
      0.00398
    ],
    [
      66,
      0.00405
    ],
    [
      67,
      0.00383
    ],
    [
      68,
      0.00394
    ],
    [
      69,
      0.00371
    ],
    [
      70,
      0.00364
    ],
    [
      71,
      0.00359
    ],
    [
      72,
      0.00329
    ],
    [
      73,
      0.00309
    ],
    [
      74,
      0.00291
    ],
    [
      75,
      0.00296
    ],
    [
      76,
      0.00278
    ],
    [
      77,
      0.00282
    ],
    [
      78,
      0.00296
    ],
    [
      79,
      0.0031
    ],
    [
      80,
      0.00309
    ],
    [
      81,
      0.00321
    ],
    [
      82,
      0.00282
    ],
    [
      83,
      0.00265
    ],
    [
      84,
      0.00277
    ],
    [
      85,
      0.00282
    ],
    [
      86,
      0.00276
    ],
    [
      87,
      0.00282
    ],
    [
      88,
      0.00275
    ],
    [
      89,
      0.0029
    ],
    [
      90,
      0.00262
    ],
    [
      91,
      0.00262
    ],
    [
      92,
      0.00257
    ],
    [
      93,
      0.00255
    ],
    [
      94,
      0.00262
    ],
    [
      95,
      0.00269
    ],
    [
      96,
      0.00257
    ],
    [
      97,
      0.00237
    ],
    [
      98,
      0.00241
    ],
    [
      99,
      0.00224
    ],
    [
      100,
      0.00224
    ]
  ],
  "acc": [
    [
      1,
      0.25502
    ],
    [
      2,
      0.35931
    ],
    [
      3,
      0.4437
    ],
    [
      4,
      0.38162
    ],
    [
      5,
      0.41373
    ],
    [
      6,
      0.31719
    ],
    [
      7,
      0.39258
    ],
    [
      8,
      0.33027
    ],
    [
      9,
      0.3385
    ],
    [
      10,
      0.33326
    ],
    [
      11,
      0.31165
    ],
    [
      12,
      0.3044
    ],
    [
      13,
      0.30342
    ],
    [
      14,
      0.31673
    ],
    [
      15,
      0.31547
    ],
    [
      16,
      0.31142
    ],
    [
      17,
      0.31935
    ],
    [
      18,
      0.31649
    ],
    [
      19,
      0.312
    ],
    [
      20,
      0.31534
    ],
    [
      21,
      0.31636
    ],
    [
      22,
      0.31724
    ],
    [
      23,
      0.31593
    ],
    [
      24,
      0.31372
    ],
    [
      25,
      0.31303
    ],
    [
      26,
      0.31607
    ],
    [
      27,
      0.31364
    ],
    [
      28,
      0.31779
    ],
    [
      29,
      0.31674
    ],
    [
      30,
      0.31653
    ],
    [
      31,
      0.31536
    ],
    [
      32,
      0.31463
    ],
    [
      33,
      0.3194
    ],
    [
      34,
      0.31917
    ],
    [
      35,
      0.32115
    ],
    [
      36,
      0.32041
    ],
    [
      37,
      0.31996
    ],
    [
      38,
      0.31908
    ],
    [
      39,
      0.31848
    ],
    [
      40,
      0.3186
    ],
    [
      41,
      0.31636
    ],
    [
      42,
      0.3144
    ],
    [
      43,
      0.31819
    ],
    [
      44,
      0.32035
    ],
    [
      45,
      0.31815
    ],
    [
      46,
      0.31826
    ],
    [
      47,
      0.31988
    ],
    [
      48,
      0.31968
    ],
    [
      49,
      0.32034
    ],
    [
      50,
      0.31805
    ],
    [
      51,
      0.31734
    ],
    [
      52,
      0.31709
    ],
    [
      53,
      0.31643
    ],
    [
      54,
      0.3168
    ],
    [
      55,
      0.31615
    ],
    [
      56,
      0.31768
    ],
    [
      57,
      0.31731
    ],
    [
      58,
      0.3191
    ],
    [
      59,
      0.31677
    ],
    [
      60,
      0.31546
    ],
    [
      61,
      0.31669
    ],
    [
      62,
      0.31613
    ],
    [
      63,
      0.31577
    ],
    [
      64,
      0.31728
    ],
    [
      65,
      0.31811
    ],
    [
      66,
      0.31791
    ],
    [
      67,
      0.31769
    ],
    [
      68,
      0.31838
    ],
    [
      69,
      0.31718
    ],
    [
      70,
      0.31646
    ],
    [
      71,
      0.31982
    ],
    [
      72,
      0.31618
    ],
    [
      73,
      0.316
    ],
    [
      74,
      0.3191
    ],
    [
      75,
      0.31854
    ],
    [
      76,
      0.31828
    ],
    [
      77,
      0.31864
    ],
    [
      78,
      0.318
    ],
    [
      79,
      0.31797
    ],
    [
      80,
      0.31823
    ],
    [
      81,
      0.31848
    ],
    [
      82,
      0.31847
    ],
    [
      83,
      0.31673
    ],
    [
      84,
      0.31813
    ],
    [
      85,
      0.31931
    ],
    [
      86,
      0.31734
    ],
    [
      87,
      0.31673
    ],
    [
      88,
      0.31731
    ],
    [
      89,
      0.31933
    ],
    [
      90,
      0.31675
    ],
    [
      91,
      0.31586
    ],
    [
      92,
      0.31558
    ],
    [
      93,
      0.3179
    ],
    [
      94,
      0.31918
    ],
    [
      95,
      0.3187
    ],
    [
      96,
      0.31715
    ],
    [
      97,
      0.31742
    ],
    [
      98,
      0.31833
    ],
    [
      99,
      0.31805
    ],
    [
      100,
      0.31731
    ]
  ],
  "lr": [
    [
      1,
      0.001
    ],
    [
      2,
      0.00098
    ],
    [
      3,
      0.00095
    ],
    [
      4,
      0.00093
    ],
    [
      5,
      0.00091
    ],
    [
      6,
      0.00089
    ],
    [
      7,
      0.00087
    ],
    [
      8,
      0.00085
    ],
    [
      9,
      0.00083
    ],
    [
      10,
      0.00081
    ],
    [
      11,
      0.00079
    ],
    [
      12,
      0.00078
    ],
    [
      13,
      0.00076
    ],
    [
      14,
      0.00074
    ],
    [
      15,
      0.00072
    ],
    [
      16,
      0.00071
    ],
    [
      17,
      0.00069
    ],
    [
      18,
      0.00068
    ],
    [
      19,
      0.00066
    ],
    [
      20,
      0.00065
    ],
    [
      21,
      0.00063
    ],
    [
      22,
      0.00062
    ],
    [
      23,
      0.0006
    ],
    [
      24,
      0.00059
    ],
    [
      25,
      0.00058
    ],
    [
      26,
      0.00056
    ],
    [
      27,
      0.00055
    ],
    [
      28,
      0.00054
    ],
    [
      29,
      0.00052
    ],
    [
      30,
      0.00051
    ],
    [
      31,
      0.0005
    ],
    [
      32,
      0.00049
    ],
    [
      33,
      0.00048
    ],
    [
      34,
      0.00047
    ],
    [
      35,
      0.00046
    ],
    [
      36,
      0.00045
    ],
    [
      37,
      0.00044
    ],
    [
      38,
      0.00043
    ],
    [
      39,
      0.00042
    ],
    [
      40,
      0.00041
    ],
    [
      41,
      0.0004
    ],
    [
      42,
      0.00039
    ],
    [
      43,
      0.00038
    ],
    [
      44,
      0.00037
    ],
    [
      45,
      0.00036
    ],
    [
      46,
      0.00035
    ],
    [
      47,
      0.00035
    ],
    [
      48,
      0.00034
    ],
    [
      49,
      0.00033
    ],
    [
      50,
      0.00032
    ],
    [
      51,
      0.00032
    ],
    [
      52,
      0.00031
    ],
    [
      53,
      0.0003
    ],
    [
      54,
      0.0003
    ],
    [
      55,
      0.00029
    ],
    [
      56,
      0.00028
    ],
    [
      57,
      0.00028
    ],
    [
      58,
      0.00027
    ],
    [
      59,
      0.00026
    ],
    [
      60,
      0.00026
    ],
    [
      61,
      0.00025
    ],
    [
      62,
      0.00025
    ],
    [
      63,
      0.00024
    ],
    [
      64,
      0.00023
    ],
    [
      65,
      0.00023
    ],
    [
      66,
      0.00022
    ],
    [
      67,
      0.00022
    ],
    [
      68,
      0.00021
    ],
    [
      69,
      0.00021
    ],
    [
      70,
      0.0002
    ],
    [
      71,
      0.0002
    ],
    [
      72,
      0.00019
    ],
    [
      73,
      0.00019
    ],
    [
      74,
      0.00019
    ],
    [
      75,
      0.00018
    ],
    [
      76,
      0.00018
    ],
    [
      77,
      0.00017
    ],
    [
      78,
      0.00017
    ],
    [
      79,
      0.00017
    ],
    [
      80,
      0.00016
    ],
    [
      81,
      0.00016
    ],
    [
      82,
      0.00015
    ],
    [
      83,
      0.00015
    ],
    [
      84,
      0.00015
    ],
    [
      85,
      0.00014
    ],
    [
      86,
      0.00014
    ],
    [
      87,
      0.00014
    ],
    [
      88,
      0.00013
    ],
    [
      89,
      0.00013
    ],
    [
      90,
      0.00013
    ],
    [
      91,
      0.00013
    ],
    [
      92,
      0.00012
    ],
    [
      93,
      0.00012
    ],
    [
      94,
      0.00012
    ],
    [
      95,
      0.00011
    ],
    [
      96,
      0.00011
    ],
    [
      97,
      0.00011
    ],
    [
      98,
      0.00011
    ],
    [
      99,
      0.0001
    ],
    [
      100,
      0.0001
    ]
  ],
  "val_acc": [
    [
      10,
      0.0
    ],
    [
      20,
      0.36364
    ],
    [
      30,
      0.72727
    ],
    [
      40,
      0.86869
    ],
    [
      50,
      0.93182
    ],
    [
      60,
      0.93182
    ],
    [
      70,
      0.90909
    ],
    [
      80,
      0.90909
    ],
    [
      90,
      0.88636
    ],
    [
      100,
      0.88636
    ]
  ],
  "AP_1": [
    [
      10,
      0.0
    ],
    [
      20,
      0.18182
    ],
    [
      30,
      0.63636
    ],
    [
      40,
      0.81818
    ],
    [
      50,
      0.90909
    ],
    [
      60,
      0.90909
    ],
    [
      70,
      0.90909
    ],
    [
      80,
      0.90909
    ],
    [
      90,
      0.90909
    ],
    [
      100,
      0.90909
    ]
  ],
  "AP_2": [
    [
      10,
      0.0
    ],
    [
      20,
      0.36364
    ],
    [
      30,
      0.72727
    ],
    [
      40,
      0.90909
    ],
    [
      50,
      0.90909
    ],
    [
      60,
      0.90909
    ],
    [
      70,
      0.81818
    ],
    [
      80,
      0.81818
    ],
    [
      90,
      0.81818
    ],
    [
      100,
      0.81818
    ]
  ],
  "AP_3": [
    [
      10,
      0.0
    ],
    [
      20,
      0.45455
    ],
    [
      30,
      0.63636
    ],
    [
      40,
      0.74747
    ],
    [
      50,
      1.0
    ],
    [
      60,
      1.0
    ],
    [
      70,
      1.0
    ],
    [
      80,
      1.0
    ],
    [
      90,
      0.90909
    ],
    [
      100,
      0.90909
    ]
  ],
  "AP_4": [
    [
      10,
      0.0
    ],
    [
      20,
      0.45455
    ],
    [
      30,
      0.90909
    ],
    [
      40,
      1.0
    ],
    [
      50,
      0.90909
    ],
    [
      60,
      0.90909
    ],
    [
      70,
      0.90909
    ],
    [
      80,
      0.90909
    ],
    [
      90,
      0.90909
    ],
    [
      100,
      0.90909
    ]
  ],
  "mean": 123.5,
  "std": 58.395,
  "label_type": "detection",
  "data_type": "image",
  "labels": [
    "1",
    "2",
    "3",
    "4"
  ],
  "best_eval": {
    "epoch": 60,
    "val_acc": 0.932,
    "val_info": [
      {
        "name": "d44cd46e713a487788ce1440efd16335.jpg",
        "nickname": "photo72.jpg",
        "pred": [
          [
            60,
            39,
            114,
            108,
            0.5892845988273621,
            0.0
          ],
          [
            109,
            22,
            173,
            97,
            0.5012173652648926,
            1.0
          ],
          [
            55,
            136,
            103,
            209,
            0.6203106641769409,
            2.0
          ],
          [
            150,
            129,
            205,
            204,
            0.7796530723571777,
            3.0
          ]
        ],
        "gt": [
          [
            56,
            44,
            103,
            101,
            1.0,
            0.0
          ],
          [
            130,
            27,
            182,
            93,
            1.0,
            1.0
          ],
          [
            58,
            146,
            124,
            213,
            1.0,
            2.0
          ],
          [
            147,
            124,
            206,
            195,
            1.0,
            3.0
          ]
        ],
        "ok": true
      },
      {
        "name": "d45523c2765246caaedc8b4f4b44b2da.jpg",
        "nickname": "photo227.jpg",
        "pred": [
          [
            12,
            122,
            95,
            225,
            0.8512505888938904,
            2.0
          ],
          [
            141,
            100,
            219,
            197,
            0.9462749361991882,
            3.0
          ]
        ],
        "gt": [
          [
            42,
            0,
            93,
            63,
            1.0,
            0.0
          ],
          [
            13,
            111,
            99,
            215,
            1.0,
            2.0
          ],
          [
            137,
            98,
            217,
            197,
            1.0,
            3.0
          ]
        ],
        "ok": true
      },
      {
        "name": "56f73756493e41ad8ab14c92ccd70eec.jpg",
        "nickname": "photo53.jpg",
        "pred": [
          [
            44,
            82,
            99,
            164,
            0.9092856645584106,
            0.0
          ],
          [
            133,
            77,
            204,
            150,
            0.8145532011985779,
            1.0
          ]
        ],
        "gt": [
          [
            47,
            87,
            103,
            172,
            1.0,
            0.0
          ],
          [
            134,
            71,
            201,
            158,
            1.0,
            1.0
          ]
        ],
        "ok": true
      }
    ]
  }
}