{
  "anchors": [
    2.78,
    2.56,
    4.25,
    3.19,
    4.06,
    4.38,
    3.34,
    3.53,
    5.31,
    5.09
  ],
  "inputs": {
    "input0": [
      224,
      224,
      3
    ]
  },
  "outputs": {
    "output0": [
      7,
      7,
      65
    ]
  },
  "params_quantity": 1882961,
  "loss": [
    [
      1,
      2.2647
    ],
    [
      2,
      1.24101
    ],
    [
      3,
      0.90758
    ],
    [
      4,
      0.82706
    ],
    [
      5,
      0.83794
    ],
    [
      6,
      1.53127
    ],
    [
      7,
      0.62902
    ],
    [
      8,
      0.38305
    ],
    [
      9,
      0.27523
    ],
    [
      10,
      0.24053
    ],
    [
      11,
      0.19444
    ],
    [
      12,
      0.15933
    ],
    [
      13,
      0.13704
    ],
    [
      14,
      0.12189
    ],
    [
      15,
      0.10652
    ],
    [
      16,
      0.0948
    ],
    [
      17,
      0.08948
    ],
    [
      18,
      0.07577
    ],
    [
      19,
      0.07038
    ],
    [
      20,
      0.06309
    ],
    [
      21,
      0.05368
    ],
    [
      22,
      0.05038
    ],
    [
      23,
      0.04511
    ],
    [
      24,
      0.04202
    ],
    [
      25,
      0.0402
    ],
    [
      26,
      0.03988
    ],
    [
      27,
      0.03818
    ],
    [
      28,
      0.03747
    ],
    [
      29,
      0.03391
    ],
    [
      30,
      0.03619
    ],
    [
      31,
      0.03479
    ],
    [
      32,
      0.02871
    ],
    [
      33,
      0.02785
    ],
    [
      34,
      0.02869
    ],
    [
      35,
      0.02534
    ],
    [
      36,
      0.02313
    ],
    [
      37,
      0.0225
    ],
    [
      38,
      0.02103
    ],
    [
      39,
      0.02116
    ],
    [
      40,
      0.01944
    ],
    [
      41,
      0.0179
    ],
    [
      42,
      0.01799
    ],
    [
      43,
      0.01703
    ],
    [
      44,
      0.0165
    ],
    [
      45,
      0.01649
    ],
    [
      46,
      0.01544
    ],
    [
      47,
      0.01487
    ],
    [
      48,
      0.01561
    ],
    [
      49,
      0.01475
    ],
    [
      50,
      0.01543
    ],
    [
      51,
      0.01366
    ],
    [
      52,
      0.01374
    ],
    [
      53,
      0.01282
    ],
    [
      54,
      0.01259
    ],
    [
      55,
      0.01246
    ],
    [
      56,
      0.01144
    ],
    [
      57,
      0.01111
    ],
    [
      58,
      0.01031
    ],
    [
      59,
      0.01045
    ],
    [
      60,
      0.01042
    ],
    [
      61,
      0.00988
    ],
    [
      62,
      0.01022
    ],
    [
      63,
      0.01035
    ],
    [
      64,
      0.0089
    ],
    [
      65,
      0.00869
    ],
    [
      66,
      0.00896
    ],
    [
      67,
      0.00848
    ],
    [
      68,
      0.00857
    ],
    [
      69,
      0.00868
    ],
    [
      70,
      0.00819
    ],
    [
      71,
      0.00808
    ],
    [
      72,
      0.00795
    ],
    [
      73,
      0.00781
    ],
    [
      74,
      0.00783
    ],
    [
      75,
      0.00805
    ],
    [
      76,
      0.00778
    ],
    [
      77,
      0.00793
    ],
    [
      78,
      0.00753
    ],
    [
      79,
      0.00773
    ],
    [
      80,
      0.00734
    ],
    [
      81,
      0.00678
    ],
    [
      82,
      0.00629
    ],
    [
      83,
      0.00654
    ],
    [
      84,
      0.00647
    ],
    [
      85,
      0.00653
    ],
    [
      86,
      0.00657
    ],
    [
      87,
      0.00625
    ],
    [
      88,
      0.00596
    ],
    [
      89,
      0.00581
    ],
    [
      90,
      0.00584
    ],
    [
      91,
      0.0058
    ],
    [
      92,
      0.00551
    ],
    [
      93,
      0.00529
    ],
    [
      94,
      0.00566
    ],
    [
      95,
      0.00543
    ],
    [
      96,
      0.00566
    ],
    [
      97,
      0.00554
    ],
    [
      98,
      0.00553
    ],
    [
      99,
      0.00546
    ],
    [
      100,
      0.00534
    ]
  ],
  "acc": [
    [
      1,
      0.29984
    ],
    [
      2,
      0.37741
    ],
    [
      3,
      0.38628
    ],
    [
      4,
      0.41955
    ],
    [
      5,
      0.41135
    ],
    [
      6,
      0.3044
    ],
    [
      7,
      0.34226
    ],
    [
      8,
      0.32498
    ],
    [
      9,
      0.30529
    ],
    [
      10,
      0.31782
    ],
    [
      11,
      0.32094
    ],
    [
      12,
      0.31269
    ],
    [
      13,
      0.31318
    ],
    [
      14,
      0.31405
    ],
    [
      15,
      0.30815
    ],
    [
      16,
      0.31264
    ],
    [
      17,
      0.311
    ],
    [
      18,
      0.31174
    ],
    [
      19,
      0.31213
    ],
    [
      20,
      0.31043
    ],
    [
      21,
      0.31193
    ],
    [
      22,
      0.31264
    ],
    [
      23,
      0.30959
    ],
    [
      24,
      0.31039
    ],
    [
      25,
      0.31385
    ],
    [
      26,
      0.3102
    ],
    [
      27,
      0.3091
    ],
    [
      28,
      0.31001
    ],
    [
      29,
      0.3098
    ],
    [
      30,
      0.30806
    ],
    [
      31,
      0.31176
    ],
    [
      32,
      0.31123
    ],
    [
      33,
      0.309
    ],
    [
      34,
      0.30877
    ],
    [
      35,
      0.30875
    ],
    [
      36,
      0.309
    ],
    [
      37,
      0.31295
    ],
    [
      38,
      0.31188
    ],
    [
      39,
      0.31059
    ],
    [
      40,
      0.31164
    ],
    [
      41,
      0.31329
    ],
    [
      42,
      0.31292
    ],
    [
      43,
      0.31012
    ],
    [
      44,
      0.31037
    ],
    [
      45,
      0.31317
    ],
    [
      46,
      0.31097
    ],
    [
      47,
      0.31106
    ],
    [
      48,
      0.31178
    ],
    [
      49,
      0.3105
    ],
    [
      50,
      0.30758
    ],
    [
      51,
      0.31129
    ],
    [
      52,
      0.31106
    ],
    [
      53,
      0.31023
    ],
    [
      54,
      0.30922
    ],
    [
      55,
      0.30948
    ],
    [
      56,
      0.31113
    ],
    [
      57,
      0.31009
    ],
    [
      58,
      0.30826
    ],
    [
      59,
      0.30918
    ],
    [
      60,
      0.3103
    ],
    [
      61,
      0.31095
    ],
    [
      62,
      0.30893
    ],
    [
      63,
      0.3102
    ],
    [
      64,
      0.31026
    ],
    [
      65,
      0.31088
    ],
    [
      66,
      0.31155
    ],
    [
      67,
      0.30961
    ],
    [
      68,
      0.31019
    ],
    [
      69,
      0.30979
    ],
    [
      70,
      0.31045
    ],
    [
      71,
      0.3089
    ],
    [
      72,
      0.31008
    ],
    [
      73,
      0.31064
    ],
    [
      74,
      0.31027
    ],
    [
      75,
      0.31019
    ],
    [
      76,
      0.30903
    ],
    [
      77,
      0.31005
    ],
    [
      78,
      0.30789
    ],
    [
      79,
      0.30875
    ],
    [
      80,
      0.30987
    ],
    [
      81,
      0.30768
    ],
    [
      82,
      0.30815
    ],
    [
      83,
      0.30903
    ],
    [
      84,
      0.30979
    ],
    [
      85,
      0.30894
    ],
    [
      86,
      0.30906
    ],
    [
      87,
      0.30759
    ],
    [
      88,
      0.30845
    ],
    [
      89,
      0.30694
    ],
    [
      90,
      0.30703
    ],
    [
      91,
      0.30597
    ],
    [
      92,
      0.30718
    ],
    [
      93,
      0.30566
    ],
    [
      94,
      0.30799
    ],
    [
      95,
      0.30776
    ],
    [
      96,
      0.30691
    ],
    [
      97,
      0.3089
    ],
    [
      98,
      0.30831
    ],
    [
      99,
      0.30785
    ],
    [
      100,
      0.30833
    ]
  ],
  "lr": [
    [
      1,
      0.001
    ],
    [
      2,
      0.00098
    ],
    [
      3,
      0.00095
    ],
    [
      4,
      0.00093
    ],
    [
      5,
      0.00091
    ],
    [
      6,
      0.00089
    ],
    [
      7,
      0.00087
    ],
    [
      8,
      0.00085
    ],
    [
      9,
      0.00083
    ],
    [
      10,
      0.00081
    ],
    [
      11,
      0.00079
    ],
    [
      12,
      0.00078
    ],
    [
      13,
      0.00076
    ],
    [
      14,
      0.00074
    ],
    [
      15,
      0.00072
    ],
    [
      16,
      0.00071
    ],
    [
      17,
      0.00069
    ],
    [
      18,
      0.00068
    ],
    [
      19,
      0.00066
    ],
    [
      20,
      0.00065
    ],
    [
      21,
      0.00063
    ],
    [
      22,
      0.00062
    ],
    [
      23,
      0.0006
    ],
    [
      24,
      0.00059
    ],
    [
      25,
      0.00058
    ],
    [
      26,
      0.00056
    ],
    [
      27,
      0.00055
    ],
    [
      28,
      0.00054
    ],
    [
      29,
      0.00052
    ],
    [
      30,
      0.00051
    ],
    [
      31,
      0.0005
    ],
    [
      32,
      0.00049
    ],
    [
      33,
      0.00048
    ],
    [
      34,
      0.00047
    ],
    [
      35,
      0.00046
    ],
    [
      36,
      0.00045
    ],
    [
      37,
      0.00044
    ],
    [
      38,
      0.00043
    ],
    [
      39,
      0.00042
    ],
    [
      40,
      0.00041
    ],
    [
      41,
      0.0004
    ],
    [
      42,
      0.00039
    ],
    [
      43,
      0.00038
    ],
    [
      44,
      0.00037
    ],
    [
      45,
      0.00036
    ],
    [
      46,
      0.00035
    ],
    [
      47,
      0.00035
    ],
    [
      48,
      0.00034
    ],
    [
      49,
      0.00033
    ],
    [
      50,
      0.00032
    ],
    [
      51,
      0.00032
    ],
    [
      52,
      0.00031
    ],
    [
      53,
      0.0003
    ],
    [
      54,
      0.0003
    ],
    [
      55,
      0.00029
    ],
    [
      56,
      0.00028
    ],
    [
      57,
      0.00028
    ],
    [
      58,
      0.00027
    ],
    [
      59,
      0.00026
    ],
    [
      60,
      0.00026
    ],
    [
      61,
      0.00025
    ],
    [
      62,
      0.00025
    ],
    [
      63,
      0.00024
    ],
    [
      64,
      0.00023
    ],
    [
      65,
      0.00023
    ],
    [
      66,
      0.00022
    ],
    [
      67,
      0.00022
    ],
    [
      68,
      0.00021
    ],
    [
      69,
      0.00021
    ],
    [
      70,
      0.0002
    ],
    [
      71,
      0.0002
    ],
    [
      72,
      0.00019
    ],
    [
      73,
      0.00019
    ],
    [
      74,
      0.00019
    ],
    [
      75,
      0.00018
    ],
    [
      76,
      0.00018
    ],
    [
      77,
      0.00017
    ],
    [
      78,
      0.00017
    ],
    [
      79,
      0.00017
    ],
    [
      80,
      0.00016
    ],
    [
      81,
      0.00016
    ],
    [
      82,
      0.00015
    ],
    [
      83,
      0.00015
    ],
    [
      84,
      0.00015
    ],
    [
      85,
      0.00014
    ],
    [
      86,
      0.00014
    ],
    [
      87,
      0.00014
    ],
    [
      88,
      0.00013
    ],
    [
      89,
      0.00013
    ],
    [
      90,
      0.00013
    ],
    [
      91,
      0.00013
    ],
    [
      92,
      0.00012
    ],
    [
      93,
      0.00012
    ],
    [
      94,
      0.00012
    ],
    [
      95,
      0.00011
    ],
    [
      96,
      0.00011
    ],
    [
      97,
      0.00011
    ],
    [
      98,
      0.00011
    ],
    [
      99,
      0.0001
    ],
    [
      100,
      0.0001
    ]
  ],
  "val_acc": [
    [
      10,
      0.0
    ],
    [
      20,
      0.53371
    ],
    [
      30,
      0.75002
    ],
    [
      40,
      0.82482
    ],
    [
      50,
      0.85729
    ],
    [
      60,
      0.85183
    ],
    [
      70,
      0.85183
    ],
    [
      80,
      0.86887
    ],
    [
      90,
      0.85183
    ],
    [
      100,
      0.85183
    ]
  ],
  "AP_8": [
    [
      10,
      0.0
    ],
    [
      20,
      0.51515
    ],
    [
      30,
      0.78571
    ],
    [
      40,
      0.78571
    ],
    [
      50,
      0.90909
    ],
    [
      60,
      0.90909
    ],
    [
      70,
      0.90909
    ],
    [
      80,
      0.90909
    ],
    [
      90,
      0.90909
    ],
    [
      100,
      0.90909
    ]
  ],
  "AP_1": [
    [
      10,
      0.0
    ],
    [
      20,
      0.47273
    ],
    [
      30,
      0.81818
    ],
    [
      40,
      0.77273
    ],
    [
      50,
      0.90909
    ],
    [
      60,
      0.77273
    ],
    [
      70,
      0.77273
    ],
    [
      80,
      0.90909
    ],
    [
      90,
      0.77273
    ],
    [
      100,
      0.77273
    ]
  ],
  "AP_3": [
    [
      10,
      0.0
    ],
    [
      20,
      0.36364
    ],
    [
      30,
      0.81818
    ],
    [
      40,
      1.0
    ],
    [
      50,
      0.90909
    ],
    [
      60,
      1.0
    ],
    [
      70,
      1.0
    ],
    [
      80,
      1.0
    ],
    [
      90,
      1.0
    ],
    [
      100,
      1.0
    ]
  ],
  "AP_2": [
    [
      10,
      0.0
    ],
    [
      20,
      0.90909
    ],
    [
      30,
      0.90909
    ],
    [
      40,
      0.90909
    ],
    [
      50,
      0.90909
    ],
    [
      60,
      0.90909
    ],
    [
      70,
      0.90909
    ],
    [
      80,
      0.90909
    ],
    [
      90,
      0.90909
    ],
    [
      100,
      0.90909
    ]
  ],
  "AP_5": [
    [
      10,
      0.0
    ],
    [
      20,
      0.81818
    ],
    [
      30,
      0.81818
    ],
    [
      40,
      1.0
    ],
    [
      50,
      1.0
    ],
    [
      60,
      1.0
    ],
    [
      70,
      1.0
    ],
    [
      80,
      1.0
    ],
    [
      90,
      1.0
    ],
    [
      100,
      1.0
    ]
  ],
  "AP_4": [
    [
      10,
      0.0
    ],
    [
      20,
      0.45455
    ],
    [
      30,
      0.81818
    ],
    [
      40,
      0.81818
    ],
    [
      50,
      0.81818
    ],
    [
      60,
      0.81818
    ],
    [
      70,
      0.81818
    ],
    [
      80,
      0.81818
    ],
    [
      90,
      0.81818
    ],
    [
      100,
      0.81818
    ]
  ],
  "AP_6": [
    [
      10,
      0.0
    ],
    [
      20,
      0.37273
    ],
    [
      30,
      0.669
    ],
    [
      40,
      0.76741
    ],
    [
      50,
      0.76741
    ],
    [
      60,
      0.76915
    ],
    [
      70,
      0.76915
    ],
    [
      80,
      0.76915
    ],
    [
      90,
      0.76915
    ],
    [
      100,
      0.76915
    ]
  ],
  "AP_7": [
    [
      10,
      0.0
    ],
    [
      20,
      0.36364
    ],
    [
      30,
      0.36364
    ],
    [
      40,
      0.54545
    ],
    [
      50,
      0.63636
    ],
    [
      60,
      0.63636
    ],
    [
      70,
      0.63636
    ],
    [
      80,
      0.63636
    ],
    [
      90,
      0.63636
    ],
    [
      100,
      0.63636
    ]
  ],
  "mean": 123.5,
  "std": 58.395,
  "label_type": "detection",
  "data_type": "image",
  "labels": [
    "8",
    "1",
    "3",
    "2",
    "5",
    "4",
    "6",
    "7"
  ],
  "best_eval": {
    "epoch": 80,
    "val_acc": 0.869,
    "val_info": [
      {
        "name": "ef3b84fe0e094e7c8e59423fa4542623.jpg",
        "nickname": "photo2_335.jpg",
        "pred": [
          [
            -19,
            69,
            108,
            164,
            0.6646562814712524,
            4.0
          ],
          [
            118,
            35,
            216,
            108,
            0.583354651927948,
            5.0
          ]
        ],
        "gt": [
          [
            0,
            82,
            126,
            171,
            1.0,
            4.0
          ],
          [
            119,
            26,
            207,
            104,
            1.0,
            5.0
          ]
        ],
        "ok": true
      },
      {
        "name": "eed10ce59872455b8368be04471424b5.jpg",
        "nickname": "photo2_468.jpg",
        "pred": [
          [
            29,
            85,
            155,
            178,
            0.8884209394454956,
            4.0
          ],
          [
            146,
            49,
            225,
            127,
            0.7764517664909363,
            6.0
          ]
        ],
        "gt": [
          [
            32,
            91,
            156,
            177,
            1.0,
            4.0
          ],
          [
            151,
            51,
            223,
            120,
            1.0,
            6.0
          ]
        ],
        "ok": true
      },
      {
        "name": "f5b8620c9a234f24ab57577e086422af.jpg",
        "nickname": "photo2_780.jpg",
        "pred": [
          [
            15,
            59,
            194,
            238,
            0.7773435711860657,
            0.0
          ],
          [
            9,
            32,
            201,
            217,
            0.7708208560943604,
            6.0
          ]
        ],
        "gt": [
          [
            13,
            90,
            175,
            223,
            1.0,
            0.0
          ]
        ],
        "ok": false
      },
      {
        "name": "093934d249904b50a413d18c4b833c76.jpg",
        "nickname": "photo2_135.jpg",
        "pred": [
          [
            5,
            28,
            173,
            187,
            0.9557649493217468,
            3.0
          ]
        ],
        "gt": [
          [
            16,
            16,
            204,
            204,
            1.0,
            3.0
          ]
        ],
        "ok": true
      },
      {
        "name": "55072d1358174ab2b03993f3a597cc8f.jpg",
        "nickname": "photo2_790.jpg",
        "pred": [
          [
            85,
            53,
            221,
            185,
            0.9388505816459656,
            0.0
          ]
        ],
        "gt": [
          [
            110,
            62,
            223,
            198,
            1.0,
            0.0
          ]
        ],
        "ok": true
      },
      {
        "name": "c83e3e41ce4d441dafc2a93a7b8316d5.jpg",
        "nickname": "0208225520_phone.jpg",
        "pred": [
          [
            35,
            56,
            198,
            279,
            0.859811544418335,
            1.0
          ]
        ],
        "gt": [
          [
            30,
            66,
            200,
            270,
            1.0,
            1.0
          ]
        ],
        "ok": true
      },
      {
        "name": "d51c50c6a9c446b8a6b3c02c11214446.jpg",
        "nickname": "0208230535_phone.jpg",
        "pred": [
          [
            66,
            42,
            234,
            254,
            0.7407286167144775,
            7.0
          ]
        ],
        "gt": [
          [
            51,
            46,
            260,
            300,
            1.0,
            7.0
          ]
        ],
        "ok": true
      },
      {
        "name": "5eedb0a7a66a453f9f3810976c3488fc.jpg",
        "nickname": "0208225925_phone.jpg",
        "pred": [
          [
            80,
            117,
            260,
            322,
            0.7566200494766235,
            2.0
          ]
        ],
        "gt": [
          [
            77,
            136,
            254,
            317,
            1.0,
            2.0
          ]
        ],
        "ok": true
      },
      {
        "name": "0f7240a40473429b850cd87083073b67.jpg",
        "nickname": "0208230640_phone.jpg",
        "pred": [
          [
            83,
            38,
            254,
            220,
            0.5962842702865601,
            7.0
          ]
        ],
        "gt": [
          [
            119,
            53,
            233,
            180,
            1.0,
            7.0
          ]
        ],
        "ok": false
      },
      {
        "name": "d49c529b630d449badbdbe9170167f6f.jpg",
        "nickname": "photo2_618.jpg",
        "pred": [],
        "gt": [
          [
            107,
            47,
            213,
            145,
            1.0,
            5.0
          ],
          [
            0,
            38,
            90,
            122,
            1.0,
            7.0
          ]
        ],
        "ok": false
      },
      {
        "name": "9354a02811124ed5903604d1c406f890.jpg",
        "nickname": "photo2_13.jpg",
        "pred": [],
        "gt": [
          [
            142,
            79,
            223,
            186,
            1.0,
            1.0
          ]
        ],
        "ok": false
      },
      {
        "name": "079847fcf79244d884a041964a9572f9.jpg",
        "nickname": "photo2_154.jpg",
        "pred": [],
        "gt": [
          [
            0,
            42,
            104,
            154,
            1.0,
            3.0
          ]
        ],
        "ok": false
      },
      {
        "name": "8b6e67aa1f924e0e858c149280b042c6.jpg",
        "nickname": "photo2_553.jpg",
        "pred": [],
        "gt": [
          [
            61,
            0,
            177,
            88,
            1.0,
            6.0
          ]
        ],
        "ok": false
      }
    ]
  }
}